alarm_description,Severity,Alarm ID,Alarm Source,Location Info,Other Information,Last Occurred (ST),Acknowledged On (ST),Fiber/Cable Name,Cleared By,Acknowledged By,Clearance Status,Acknowledgement Status,Alarm Serial Number
1,3,236,33,1014,60,2025-05-03 00:00:00,2025-05-03 01:00:00,21,1,2,0,0,25459049
0,3,14152,53,975,163,2025-05-04 23:00:00,2025-05-05 03:00:00,15,1,3,0,0,25450072
1,1,2,20,1048,196,2025-05-03 10:00:00,2025-05-03 18:00:00,107,4,3,0,0,26699569
1,2,13987,40,63,60,2025-05-10 14:00:00,2025-05-10 17:00:00,21,1,2,0,0,27516856
0,2,199,40,916,216,2025-05-08 08:00:00,2025-05-08 09:00:00,12,1,3,0,0,27926861
0,2,12350,21,969,101,2025-05-04 17:00:00,2025-05-05 02:00:00,13,4,1,0,0,27724897
1,1,13417,25,536,267,2025-05-12 17:00:00,2025-05-13 02:00:00,109,3,3,0,0,25332304
2,3,25,60,1048,82,2025-05-02 11:00:00,2025-05-02 20:00:00,21,3,2,0,0,25450066
1,1,12306,45,968,54,2025-05-08 02:00:00,2025-05-08 11:00:00,13,4,2,0,0,26470867
1,3,13417,23,889,1,2025-05-06 05:00:00,2025-05-06 07:00:00,107,3,2,0,0,26642105
1,1,235,2,878,202,2025-05-13 10:00:00,2025-05-13 14:00:00,21,4,1,0,0,26743804
1,1,199,62,832,197,2025-05-15 18:00:00,2025-05-15 20:00:00,21,4,2,0,0,27719323
0,3,12301,39,835,207,2025-05-09 11:00:00,2025-05-09 18:00:00,21,1,2,0,0,25306115
1,2,12350,58,176,204,2025-05-13 00:00:00,2025-05-13 03:00:00,0,3,3,0,0,27636908
2,3,235,46,398,198,2025-05-15 19:00:00,2025-05-16 04:00:00,21,4,1,0,0,27759203
0,0,14102,22,689,207,2025-05-05 00:00:00,2025-05-05 07:00:00,0,3,3,0,0,25356894
2,0,186,53,935,208,2025-05-10 21:00:00,2025-05-11 05:00:00,13,3,2,0,0,25758493
2,3,63604,6,117,181,2025-05-08 04:00:00,2025-05-08 13:00:00,12,3,2,0,0,27514202
2,1,327,31,587,61,2025-05-13 12:00:00,2025-05-13 20:00:00,0,4,1,0,0,25412278
2,0,12544,18,366,216,2025-05-04 15:00:00,2025-05-04 22:00:00,0,1,2,0,0,26943375
0,0,327,4,511,188,2025-05-17 14:00:00,2025-05-17 23:00:00,21,3,1,0,0,27685598
0,1,199,29,792,205,2025-05-15 14:00:00,2025-05-15 15:00:00,12,4,3,0,0,27721695
2,1,14152,31,1048,163,2025-05-01 16:00:00,2025-05-01 20:00:00,21,3,1,0,0,25765945
2,2,13056,59,477,145,2025-05-06 19:00:00,2025-05-06 23:00:00,13,1,3,0,0,25751942
0,1,114,51,665,205,2025-05-11 13:00:00,2025-05-11 18:00:00,21,3,2,0,0,27547326
0,3,12306,58,885,161,2025-05-12 13:00:00,2025-05-12 21:00:00,108,4,3,0,0,25354612
0,3,199,66,929,193,2025-05-07 06:00:00,2025-05-07 07:00:00,63,3,3,0,0,26340062
1,2,1,62,937,219,2025-05-15 09:00:00,2025-05-15 15:00:00,13,3,3,0,0,25308572
1,0,25,45,238,192,2025-05-14 21:00:00,2025-05-15 06:00:00,15,3,1,0,0,26403501
1,0,236,18,837,196,2025-05-06 19:00:00,2025-05-07 03:00:00,12,1,3,0,0,26219659
2,1,63604,11,446,125,2025-05-05 17:00:00,2025-05-05 19:00:00,108,3,1,0,0,25713463
1,3,25,49,690,82,2025-05-03 19:00:00,2025-05-04 02:00:00,0,4,1,0,0,26538397
2,0,14102,19,897,193,2025-05-16 05:00:00,2025-05-16 10:00:00,108,3,1,0,0,27578152
2,2,235,62,699,238,2025-05-08 10:00:00,2025-05-08 12:00:00,63,3,2,0,0,25766513
1,2,13056,31,541,161,2025-05-06 04:00:00,2025-05-06 05:00:00,13,3,2,0,0,25832938
2,3,12587,24,614,62,2025-05-17 12:00:00,2025-05-17 14:00:00,12,1,2,0,0,26033574
1,2,12305,13,142,143,2025-05-14 00:00:00,2025-05-14 06:00:00,108,4,1,0,0,25635278
1,2,13933,52,791,162,2025-05-13 22:00:00,2025-05-14 06:00:00,107,3,2,0,0,25403872
0,3,114,38,977,165,2025-05-15 01:00:00,2025-05-15 04:00:00,0,4,3,0,0,25341435
1,1,12305,56,587,198,2025-05-16 02:00:00,2025-05-16 07:00:00,108,4,1,0,0,25614697
0,1,13142,46,895,97,2025-05-18 03:00:00,2025-05-18 05:00:00,12,1,2,0,0,26204044
1,2,187,36,865,123,2025-05-15 21:00:00,2025-05-16 05:00:00,107,4,1,0,0,26057310
1,1,12956,29,62,97,2025-05-10 16:00:00,2025-05-10 20:00:00,15,3,2,0,0,25667998
0,1,13417,9,924,165,2025-05-18 19:00:00,2025-05-19 01:00:00,13,1,3,0,0,26767616
0,2,13552,66,378,265,2025-05-07 02:00:00,2025-05-07 05:00:00,13,1,1,0,0,25513556
1,1,14152,41,941,188,2025-05-18 21:00:00,2025-05-19 05:00:00,15,4,2,0,0,27627616
2,2,236,2,541,196,2025-05-05 14:00:00,2025-05-05 22:00:00,21,1,2,0,0,26290120
0,0,187,4,821,117,2025-05-16 02:00:00,2025-05-16 05:00:00,107,4,3,0,0,27814135
2,3,12307,7,1031,106,2025-05-15 21:00:00,2025-05-16 06:00:00,0,4,3,0,0,26662553
2,3,13417,47,479,117,2025-05-10 21:00:00,2025-05-11 02:00:00,108,1,2,0,0,26126165
2,1,63604,13,301,185,2025-05-01 02:00:00,2025-05-01 11:00:00,63,3,2,0,0,27801482
0,1,12587,52,878,188,2025-05-09 18:00:00,2025-05-10 01:00:00,12,4,1,0,0,27918362
2,1,114,16,378,225,2025-05-17 19:00:00,2025-05-17 22:00:00,21,1,1,0,0,25500493
0,3,12308,2,161,165,2025-05-02 00:00:00,2025-05-02 06:00:00,0,1,2,0,0,26150425
2,0,13056,62,838,54,2025-05-14 18:00:00,2025-05-14 20:00:00,63,4,3,0,0,27213416
1,0,14152,20,995,204,2025-05-08 15:00:00,2025-05-08 21:00:00,63,4,1,0,0,27191634
1,3,13987,15,379,115,2025-05-03 12:00:00,2025-05-03 17:00:00,0,4,2,0,0,26857613
0,0,236,11,799,225,2025-05-06 02:00:00,2025-05-06 05:00:00,21,4,3,0,0,27780304
1,3,12350,20,27,202,2025-05-03 06:00:00,2025-05-03 13:00:00,12,3,3,0,0,26549193
1,0,299,2,383,123,2025-05-07 18:00:00,2025-05-07 22:00:00,15,3,2,0,0,26565855
2,2,13417,45,873,199,2025-05-08 18:00:00,2025-05-09 00:00:00,109,3,2,0,0,25942012
0,2,13417,48,102,65,2025-05-02 14:00:00,2025-05-02 23:00:00,109,3,1,0,0,27694936
2,3,327,18,183,227,2025-05-08 16:00:00,2025-05-08 22:00:00,21,1,2,0,0,27789866
2,0,2,3,481,60,2025-05-04 10:00:00,2025-05-04 14:00:00,63,4,1,0,0,27264623
2,1,187,0,665,197,2025-05-09 02:00:00,2025-05-09 04:00:00,108,1,3,0,0,27796588
2,0,13933,10,975,203,2025-05-02 09:00:00,2025-05-02 18:00:00,15,1,1,0,0,26774397
2,2,12580,55,1048,166,2025-05-05 16:00:00,2025-05-05 20:00:00,15,3,2,0,0,27707319
2,2,13552,17,171,103,2025-05-18 16:00:00,2025-05-18 20:00:00,21,1,1,0,0,27609649
2,0,12301,55,316,257,2025-05-17 21:00:00,2025-05-17 23:00:00,12,3,3,0,0,25531737
0,0,12350,64,23,162,2025-05-10 13:00:00,2025-05-10 18:00:00,21,4,3,0,0,27424651
1,1,12306,16,1036,125,2025-05-12 18:00:00,2025-05-13 00:00:00,108,3,2,0,0,26395082
2,1,12306,16,142,206,2025-05-17 20:00:00,2025-05-18 02:00:00,13,4,1,0,0,25366936
2,0,12306,3,461,193,2025-05-18 16:00:00,2025-05-18 19:00:00,109,3,2,0,0,26993693
2,0,13933,7,398,162,2025-05-12 22:00:00,2025-05-13 07:00:00,21,1,2,0,0,27882228
2,0,12350,6,600,196,2025-05-07 10:00:00,2025-05-07 17:00:00,15,1,3,0,0,27706409
2,0,114,36,772,142,2025-05-07 20:00:00,2025-05-07 23:00:00,12,3,1,0,0,26197523
2,3,2,3,479,143,2025-05-08 13:00:00,2025-05-08 17:00:00,109,4,2,0,0,27928893
1,0,199,62,767,117,2025-05-10 22:00:00,2025-05-11 05:00:00,107,4,3,0,0,26354420
1,1,13142,65,1036,267,2025-05-06 16:00:00,2025-05-07 00:00:00,0,3,2,0,0,27680989
2,2,12926,54,990,188,2025-05-15 02:00:00,2025-05-15 08:00:00,15,1,1,0,0,26079310
1,3,119,46,1044,215,2025-05-18 17:00:00,2025-05-18 21:00:00,107,4,2,0,0,27840285
0,0,13552,43,516,233,2025-05-18 11:00:00,2025-05-18 13:00:00,12,3,1,0,0,26132147
2,2,13933,26,384,60,2025-05-12 01:00:00,2025-05-12 09:00:00,15,4,3,0,0,27918362
0,3,32,55,916,145,2025-05-08 18:00:00,2025-05-08 19:00:00,21,1,3,0,0,26779442
0,2,2,25,918,232,2025-05-02 15:00:00,2025-05-03 00:00:00,15,4,2,0,0,27968483
2,0,12301,34,398,244,2025-05-13 21:00:00,2025-05-14 05:00:00,12,3,3,0,0,25433521
1,0,186,53,284,186,2025-05-07 22:00:00,2025-05-08 01:00:00,15,4,2,0,0,26840479
0,1,12544,4,182,244,2025-05-17 06:00:00,2025-05-17 10:00:00,108,4,2,0,0,25594349
2,0,13987,25,585,202,2025-05-11 19:00:00,2025-05-11 23:00:00,63,1,1,0,0,27698968
0,0,13552,25,851,204,2025-05-06 22:00:00,2025-05-07 00:00:00,107,1,2,0,0,25750098
0,3,32,50,858,192,2025-05-09 11:00:00,2025-05-09 16:00:00,13,1,1,0,0,27706409
0,1,12956,35,878,169,2025-05-08 07:00:00,2025-05-08 10:00:00,63,1,2,0,0,25356894
0,3,12580,53,238,223,2025-05-11 21:00:00,2025-05-11 22:00:00,12,3,1,0,0,26857914
1,2,114,3,600,162,2025-05-11 11:00:00,2025-05-11 13:00:00,109,4,3,0,0,27739043
0,0,13933,6,917,186,2025-05-14 16:00:00,2025-05-14 23:00:00,108,4,2,0,0,26315982
0,2,12350,61,477,244,2025-05-18 10:00:00,2025-05-18 11:00:00,107,4,1,0,0,25722331
0,3,4,65,943,232,2025-05-09 07:00:00,2025-05-09 09:00:00,12,4,2,0,0,26577096
1,0,186,4,256,198,2025-05-09 06:00:00,2025-05-09 13:00:00,107,3,1,0,0,26155868
0,0,13933,22,1056,115,2025-05-09 03:00:00,2025-05-09 04:00:00,15,1,1,0,0,27939304
0,3,13142,37,897,166,2025-05-14 01:00:00,2025-05-14 08:00:00,21,4,2,0,0,27833420
1,3,12545,24,858,54,2025-05-04 04:00:00,2025-05-04 12:00:00,63,4,2,0,0,25772530
1,3,13417,66,23,97,2025-05-01 18:00:00,2025-05-01 20:00:00,15,1,3,0,0,27759475
1,3,12956,19,419,103,2025-05-03 13:00:00,2025-05-03 17:00:00,0,1,3,0,0,27937363
0,3,25,10,890,186,2025-05-14 14:00:00,2025-05-14 21:00:00,109,4,3,0,0,27840285
1,0,12580,49,79,202,2025-05-17 09:00:00,2025-05-17 10:00:00,0,1,2,0,0,25627152
1,3,13933,13,699,207,2025-05-12 16:00:00,2025-05-12 22:00:00,0,4,3,0,0,26970809
0,0,114,34,890,219,2025-05-18 19:00:00,2025-05-19 00:00:00,108,4,1,0,0,26581728
1,0,12587,16,1037,134,2025-05-11 09:00:00,2025-05-11 15:00:00,13,4,2,0,0,27841327
0,3,235,20,373,230,2025-05-10 10:00:00,2025-05-10 18:00:00,63,4,1,0,0,27855446
2,3,1,47,988,145,2025-05-06 06:00:00,2025-05-06 07:00:00,15,4,1,0,0,27898621
1,1,12587,50,379,192,2025-05-03 09:00:00,2025-05-03 12:00:00,0,4,1,0,0,25777141
2,0,1,5,821,62,2025-05-18 00:00:00,2025-05-18 09:00:00,0,1,2,0,0,25332127
0,3,327,31,34,198,2025-05-16 15:00:00,2025-05-16 23:00:00,109,3,2,0,0,26909446
1,3,32,5,159,197,2025-05-09 11:00:00,2025-05-09 15:00:00,15,3,3,0,0,27717114
0,3,187,43,689,82,2025-05-11 02:00:00,2025-05-11 11:00:00,63,4,3,0,0,26688239
2,1,114,11,11,258,2025-05-16 06:00:00,2025-05-16 13:00:00,63,1,3,0,0,26032824
0,1,25,55,900,167,2025-05-18 15:00:00,2025-05-18 17:00:00,15,4,3,0,0,25588220
1,2,25,24,665,219,2025-05-14 19:00:00,2025-05-14 20:00:00,108,1,1,0,0,26247103
1,0,4,7,1038,267,2025-05-14 13:00:00,2025-05-14 14:00:00,15,4,2,0,0,26782679
2,2,12545,49,803,216,2025-05-11 11:00:00,2025-05-11 14:00:00,21,4,3,0,0,25545972
0,3,114,56,1044,167,2025-05-17 09:00:00,2025-05-17 11:00:00,12,3,1,0,0,26721470
1,1,13987,5,618,166,2025-05-14 09:00:00,2025-05-14 13:00:00,21,1,2,0,0,25761194
2,1,13056,14,904,134,2025-05-16 15:00:00,2025-05-16 23:00:00,108,1,2,0,0,25668499
1,2,1,24,973,65,2025-05-18 00:00:00,2025-05-18 05:00:00,108,3,2,0,0,25556841
1,1,12301,34,698,194,2025-05-09 06:00:00,2025-05-09 11:00:00,15,3,1,0,0,25683821
0,3,13417,41,1010,134,2025-05-15 06:00:00,2025-05-15 12:00:00,15,3,3,0,0,26981280
1,1,14102,4,295,232,2025-05-10 23:00:00,2025-05-11 04:00:00,13,3,2,0,0,25762332
0,2,12308,18,0,110,2025-05-06 18:00:00,2025-05-06 23:00:00,109,1,1,0,0,25588355
1,3,12580,37,887,66,2025-05-06 01:00:00,2025-05-06 08:00:00,21,1,2,0,0,26704585
2,2,13417,65,941,169,2025-05-18 11:00:00,2025-05-18 17:00:00,63,3,1,0,0,27385024
1,1,119,29,565,143,2025-05-03 00:00:00,2025-05-03 02:00:00,13,4,3,0,0,26510273
0,2,199,1,1016,165,2025-05-13 15:00:00,2025-05-13 16:00:00,107,4,3,0,0,26971253
0,2,187,10,161,267,2025-05-05 18:00:00,2025-05-05 19:00:00,63,4,2,0,0,27796588
2,0,12956,65,164,257,2025-05-15 06:00:00,2025-05-15 10:00:00,13,4,3,0,0,27389852
1,1,13933,35,861,201,2025-05-11 10:00:00,2025-05-11 12:00:00,0,1,3,0,0,26196112
1,1,199,28,685,205,2025-05-01 06:00:00,2025-05-01 12:00:00,13,1,1,0,0,26855733
2,2,13933,0,690,104,2025-05-10 02:00:00,2025-05-10 11:00:00,13,1,1,0,0,26584136
1,0,12350,54,585,97,2025-05-04 04:00:00,2025-05-04 12:00:00,13,4,2,0,0,27191634
1,1,12305,53,333,199,2025-05-08 10:00:00,2025-05-08 14:00:00,15,3,1,0,0,27895369
0,3,13203,12,268,125,2025-05-07 00:00:00,2025-05-07 02:00:00,21,4,3,0,0,27629681
1,2,299,59,986,232,2025-05-18 07:00:00,2025-05-18 08:00:00,13,1,1,0,0,26229958
1,1,12306,15,103,202,2025-05-07 09:00:00,2025-05-07 16:00:00,15,4,3,0,0,26641271
2,3,13933,66,182,197,2025-05-06 00:00:00,2025-05-06 03:00:00,109,3,2,0,0,27702518
2,1,12350,5,611,183,2025-05-06 03:00:00,2025-05-06 09:00:00,21,3,3,0,0,26262553
0,3,14152,24,698,197,2025-05-07 05:00:00,2025-05-07 10:00:00,108,4,1,0,0,27553799
1,2,25,54,672,55,2025-05-17 12:00:00,2025-05-17 17:00:00,63,1,1,0,0,27059629
1,1,12926,20,690,162,2025-05-16 20:00:00,2025-05-16 22:00:00,107,1,1,0,0,27963307
1,1,236,11,256,258,2025-05-12 03:00:00,2025-05-12 12:00:00,108,1,1,0,0,27578101
0,0,25,40,170,129,2025-05-14 14:00:00,2025-05-14 18:00:00,12,4,2,0,0,27208588
0,2,25,54,1046,1,2025-05-01 00:00:00,2025-05-01 01:00:00,109,1,3,0,0,25635168
2,3,13142,16,929,209,2025-05-07 16:00:00,2025-05-07 18:00:00,12,4,1,0,0,27509777
0,1,13933,56,517,258,2025-05-11 03:00:00,2025-05-11 12:00:00,0,1,3,0,0,27796588
1,1,12587,56,666,188,2025-05-16 14:00:00,2025-05-16 21:00:00,0,3,2,0,0,25596775
1,3,12580,11,1001,257,2025-05-17 13:00:00,2025-05-17 15:00:00,13,3,3,0,0,26465742
0,2,32,47,62,265,2025-05-11 10:00:00,2025-05-11 17:00:00,109,1,1,0,0,25683821
1,0,12307,42,1006,203,2025-05-16 06:00:00,2025-05-16 10:00:00,108,4,3,0,0,25668011
1,0,13552,7,49,165,2025-05-03 15:00:00,2025-05-03 17:00:00,109,1,1,0,0,25969696
0,1,12350,13,837,225,2025-05-13 10:00:00,2025-05-13 14:00:00,108,4,1,0,0,26479620
0,3,235,32,101,196,2025-05-11 07:00:00,2025-05-11 12:00:00,107,3,2,0,0,25669371
1,1,13933,61,935,185,2025-05-13 08:00:00,2025-05-13 12:00:00,12,4,2,0,0,27433449
1,3,114,32,572,111,2025-05-05 18:00:00,2025-05-05 21:00:00,108,1,3,0,0,26818907
1,0,14102,52,922,225,2025-05-13 06:00:00,2025-05-13 12:00:00,107,3,3,0,0,26175444
2,2,235,46,340,207,2025-05-01 00:00:00,2025-05-01 01:00:00,109,4,1,0,0,26274730
2,3,13552,40,649,258,2025-05-02 16:00:00,2025-05-03 00:00:00,107,4,1,0,0,27764027
2,0,13933,49,890,189,2025-05-08 04:00:00,2025-05-08 09:00:00,63,3,1,0,0,26825928
0,1,119,1,622,221,2025-05-04 15:00:00,2025-05-04 23:00:00,107,1,1,0,0,27530724
2,3,235,44,577,194,2025-05-05 01:00:00,2025-05-05 05:00:00,107,3,2,0,0,27763883
0,2,119,1,511,125,2025-05-04 15:00:00,2025-05-04 19:00:00,13,1,1,0,0,26697729
0,1,12350,2,1016,193,2025-05-11 10:00:00,2025-05-11 15:00:00,0,1,2,0,0,26204044
2,1,186,43,886,115,2025-05-14 22:00:00,2025-05-15 03:00:00,12,4,3,0,0,25740788
2,0,12306,32,917,65,2025-05-06 20:00:00,2025-05-07 02:00:00,63,1,3,0,0,27805591
2,3,2,0,0,238,2025-05-03 22:00:00,2025-05-04 03:00:00,63,1,2,0,0,27879027
1,1,13056,8,772,233,2025-05-06 16:00:00,2025-05-06 21:00:00,0,3,1,0,0,27781973
2,2,13417,40,887,123,2025-05-05 02:00:00,2025-05-05 10:00:00,21,3,3,0,0,26270627
1,3,236,2,536,167,2025-05-07 06:00:00,2025-05-07 12:00:00,108,1,2,0,0,26126128
0,2,235,50,461,223,2025-05-08 06:00:00,2025-05-08 08:00:00,107,4,3,0,0,27189111
1,1,13203,47,293,101,2025-05-07 22:00:00,2025-05-08 02:00:00,109,3,1,0,0,26697729
2,2,2,50,900,267,2025-05-15 06:00:00,2025-05-15 10:00:00,107,4,2,0,0,25476411
0,0,299,42,901,125,2025-05-18 01:00:00,2025-05-18 06:00:00,109,3,3,0,0,27841036
0,2,13987,31,1044,62,2025-05-11 16:00:00,2025-05-11 22:00:00,107,3,1,0,0,25323100
0,3,63604,58,831,61,2025-05-17 13:00:00,2025-05-17 18:00:00,63,1,2,0,0,26619417
1,2,327,37,969,166,2025-05-10 07:00:00,2025-05-10 13:00:00,21,3,2,0,0,27861967
2,2,32,25,1022,230,2025-05-16 07:00:00,2025-05-16 15:00:00,0,3,2,0,0,25750098
0,0,2,12,1036,186,2025-05-14 17:00:00,2025-05-14 21:00:00,15,4,2,0,0,27609649
0,2,114,44,268,54,2025-05-03 16:00:00,2025-05-03 19:00:00,12,3,3,0,0,27044310
0,2,12306,62,781,115,2025-05-03 20:00:00,2025-05-04 05:00:00,12,3,2,0,0,26463890
1,1,12301,35,536,54,2025-05-03 18:00:00,2025-05-03 21:00:00,108,4,2,0,0,26972602
1,1,13203,6,840,199,2025-05-19 00:00:00,2025-05-19 08:00:00,0,1,2,0,0,26877870
2,3,12545,60,1052,128,2025-05-03 01:00:00,2025-05-03 06:00:00,109,1,2,0,0,27346909
1,1,25,65,916,257,2025-05-14 01:00:00,2025-05-14 10:00:00,12,3,2,0,0,25683821
0,1,25,15,702,61,2025-05-13 20:00:00,2025-05-13 23:00:00,109,3,1,0,0,26774397
2,1,12926,19,968,123,2025-05-04 18:00:00,2025-05-05 02:00:00,0,4,3,0,0,26079310
0,1,12301,40,916,258,2025-05-05 18:00:00,2025-05-06 01:00:00,108,1,1,0,0,26354420
0,0,299,45,773,145,2025-05-16 13:00:00,2025-05-16 20:00:00,15,1,3,0,0,27129831
1,1,63604,39,11,129,2025-05-03 08:00:00,2025-05-03 17:00:00,0,1,2,0,0,27902478
2,0,13417,16,261,142,2025-05-15 05:00:00,2025-05-15 13:00:00,13,4,3,0,0,27755582
1,0,12350,44,1,143,2025-05-01 17:00:00,2025-05-01 20:00:00,108,4,2,0,0,27638177
1,1,13203,34,703,62,2025-05-12 07:00:00,2025-05-12 13:00:00,109,4,2,0,0,27692207
2,2,114,38,928,204,2025-05-06 09:00:00,2025-05-06 15:00:00,21,3,1,0,0,25683821
0,0,14102,12,873,258,2025-05-12 04:00:00,2025-05-12 09:00:00,63,1,1,0,0,27774065
0,2,119,62,384,215,2025-05-18 20:00:00,2025-05-18 23:00:00,63,3,1,0,0,26916866
2,2,119,33,556,145,2025-05-04 07:00:00,2025-05-04 16:00:00,21,3,3,0,0,26521991
0,1,236,29,845,230,2025-05-13 10:00:00,2025-05-13 17:00:00,15,4,3,0,0,25875998
2,3,4,14,921,163,2025-05-13 21:00:00,2025-05-14 01:00:00,63,1,1,0,0,27264158
2,1,187,20,649,142,2025-05-09 09:00:00,2025-05-09 15:00:00,15,3,1,0,0,27492678
1,3,25,47,408,203,2025-05-10 08:00:00,2025-05-10 13:00:00,108,1,2,0,0,25593991
2,3,13987,7,689,117,2025-05-07 14:00:00,2025-05-07 15:00:00,21,3,3,0,0,26723779
1,1,63604,41,63,66,2025-05-09 11:00:00,2025-05-09 13:00:00,15,4,2,0,0,27545082
0,1,14152,24,856,65,2025-05-06 16:00:00,2025-05-06 17:00:00,13,3,3,0,0,27346909
0,3,119,1,101,227,2025-05-04 00:00:00,2025-05-04 09:00:00,15,4,1,0,0,27923957
0,1,12307,65,1016,176,2025-05-02 23:00:00,2025-05-03 08:00:00,107,1,3,0,0,26247103
0,3,186,19,301,208,2025-05-01 17:00:00,2025-05-01 22:00:00,108,3,3,0,0,27835253
1,2,12587,6,840,221,2025-05-12 02:00:00,2025-05-12 10:00:00,13,3,2,0,0,27913685
0,1,12350,24,869,232,2025-05-15 03:00:00,2025-05-15 07:00:00,21,4,1,0,0,25592419
2,2,4,45,576,232,2025-05-01 18:00:00,2025-05-01 19:00:00,12,4,1,0,0,26982100
2,0,186,8,665,60,2025-05-05 03:00:00,2025-05-05 07:00:00,109,1,1,0,0,27686752
2,2,12587,15,471,176,2025-05-05 19:00:00,2025-05-06 02:00:00,63,4,2,0,0,27652677
1,2,12307,30,361,188,2025-05-15 09:00:00,2025-05-15 11:00:00,107,1,2,0,0,27750714
0,3,12956,37,553,65,2025-05-04 01:00:00,2025-05-04 03:00:00,107,3,2,0,0,27871778
0,2,187,3,965,229,2025-05-12 15:00:00,2025-05-12 21:00:00,12,1,3,0,0,26981929
0,1,13142,24,765,183,2025-05-12 04:00:00,2025-05-12 13:00:00,63,1,3,0,0,27923957
1,3,12305,14,941,134,2025-05-06 04:00:00,2025-05-06 07:00:00,15,1,2,0,0,25306349
2,0,13933,14,858,61,2025-05-05 19:00:00,2025-05-06 02:00:00,21,3,2,0,0,27684062
2,1,114,13,968,232,2025-05-08 05:00:00,2025-05-08 14:00:00,109,3,1,0,0,26766784
0,0,12350,44,703,203,2025-05-08 12:00:00,2025-05-08 21:00:00,13,4,3,0,0,26340062
2,2,12305,58,293,97,2025-05-10 09:00:00,2025-05-10 13:00:00,13,1,3,0,0,27803145
2,1,186,35,885,129,2025-05-07 12:00:00,2025-05-07 14:00:00,109,3,1,0,0,25442158
1,1,13987,37,765,60,2025-05-07 19:00:00,2025-05-07 20:00:00,0,1,1,0,0,26840506
1,0,12587,7,698,167,2025-05-03 22:00:00,2025-05-04 04:00:00,21,1,1,0,0,27276781
1,1,299,19,467,125,2025-05-10 05:00:00,2025-05-10 10:00:00,63,1,2,0,0,27889389
1,1,13552,55,571,258,2025-05-06 05:00:00,2025-05-06 11:00:00,21,3,2,0,0,25384835
0,1,13203,40,21,186,2025-05-07 00:00:00,2025-05-07 07:00:00,12,1,2,0,0,26704585
1,2,12301,51,863,62,2025-05-08 07:00:00,2025-05-08 16:00:00,107,1,2,0,0,26328801
2,0,25,53,361,197,2025-05-07 07:00:00,2025-05-07 13:00:00,0,4,2,0,0,27731291
0,1,14152,33,600,169,2025-05-08 13:00:00,2025-05-08 19:00:00,63,1,3,0,0,25843752
2,3,32,49,1075,186,2025-05-16 14:00:00,2025-05-16 17:00:00,21,4,3,0,0,27631237
2,3,12956,34,904,129,2025-05-15 10:00:00,2025-05-15 18:00:00,108,1,3,0,0,26531370
2,3,12926,47,375,167,2025-05-04 12:00:00,2025-05-04 21:00:00,107,4,1,0,0,25588220
1,3,2,30,69,216,2025-05-16 03:00:00,2025-05-16 04:00:00,21,3,3,0,0,26036094
1,2,32,24,161,145,2025-05-16 22:00:00,2025-05-17 04:00:00,21,3,1,0,0,25476411
0,1,12301,44,1075,203,2025-05-06 00:00:00,2025-05-06 07:00:00,63,1,3,0,0,26478052
0,0,13417,54,536,185,2025-05-06 08:00:00,2025-05-06 16:00:00,107,4,2,0,0,26743804
1,1,14152,32,665,62,2025-05-01 05:00:00,2025-05-01 13:00:00,13,3,3,0,0,27129831
2,2,12545,15,779,193,2025-05-14 21:00:00,2025-05-15 04:00:00,13,1,2,0,0,25500493
0,3,12580,38,986,128,2025-05-08 14:00:00,2025-05-08 22:00:00,108,1,2,0,0,25881522
1,2,327,45,571,265,2025-05-02 13:00:00,2025-05-02 22:00:00,15,4,3,0,0,27737174
1,1,1,10,1022,215,2025-05-18 08:00:00,2025-05-18 15:00:00,109,4,3,0,0,27606656
1,0,14152,0,136,192,2025-05-05 19:00:00,2025-05-05 22:00:00,63,1,2,0,0,27797160
2,2,2,27,873,143,2025-05-05 05:00:00,2025-05-05 14:00:00,63,4,1,0,0,26890259
1,0,13142,34,576,167,2025-05-01 07:00:00,2025-05-01 08:00:00,13,4,1,0,0,27634057
1,2,199,5,941,203,2025-05-10 01:00:00,2025-05-10 09:00:00,63,3,3,0,0,27420921
1,0,13056,43,842,111,2025-05-09 14:00:00,2025-05-09 20:00:00,107,4,2,0,0,27658485
1,0,186,8,517,167,2025-05-04 05:00:00,2025-05-04 08:00:00,15,1,1,0,0,27059654
0,3,1,24,94,103,2025-05-16 07:00:00,2025-05-16 16:00:00,108,4,3,0,0,27877313
0,0,14152,15,462,185,2025-05-17 19:00:00,2025-05-18 01:00:00,0,1,3,0,0,27922452
1,3,12308,57,308,166,2025-05-03 06:00:00,2025-05-03 13:00:00,13,1,2,0,0,26498407
2,1,1,7,1031,257,2025-05-13 15:00:00,2025-05-13 17:00:00,0,4,1,0,0,27059629
0,1,12926,41,967,54,2025-05-10 11:00:00,2025-05-10 12:00:00,0,4,3,0,0,27170767
1,3,32,63,917,198,2025-05-04 15:00:00,2025-05-04 16:00:00,12,4,1,0,0,26965455
0,3,12306,18,479,221,2025-05-01 09:00:00,2025-05-01 12:00:00,15,3,3,0,0,26053003
0,2,13987,65,63,225,2025-05-13 19:00:00,2025-05-13 22:00:00,109,3,3,0,0,25737224
2,2,12301,44,918,106,2025-05-13 01:00:00,2025-05-13 09:00:00,21,4,1,0,0,25878862
1,2,13142,34,1041,233,2025-05-07 19:00:00,2025-05-08 02:00:00,107,1,1,0,0,26560322
1,1,327,58,94,219,2025-05-10 22:00:00,2025-05-11 06:00:00,63,4,2,0,0,27928893
2,2,236,18,332,208,2025-05-14 04:00:00,2025-05-14 05:00:00,109,3,2,0,0,27889389
2,0,13417,47,366,123,2025-05-06 23:00:00,2025-05-07 03:00:00,108,3,2,0,0,27783246
1,0,199,45,973,97,2025-05-14 22:00:00,2025-05-15 06:00:00,108,4,2,0,0,27547326
1,2,12301,5,705,257,2025-05-01 17:00:00,2025-05-01 19:00:00,107,1,1,0,0,26782679
2,0,236,32,915,238,2025-05-03 22:00:00,2025-05-04 05:00:00,63,1,2,0,0,27638177
0,1,12956,2,762,192,2025-05-08 06:00:00,2025-05-08 14:00:00,63,3,1,0,0,27695167
0,0,236,48,873,197,2025-05-15 05:00:00,2025-05-15 14:00:00,13,3,3,0,0,27017981
2,1,299,26,969,145,2025-05-12 23:00:00,2025-05-13 06:00:00,63,3,1,0,0,27885753
0,3,12580,14,549,208,2025-05-13 10:00:00,2025-05-13 19:00:00,21,1,2,0,0,26964200
2,3,12307,18,679,181,2025-05-15 02:00:00,2025-05-15 04:00:00,109,3,1,0,0,25588670
0,3,235,58,834,123,2025-05-18 15:00:00,2025-05-18 16:00:00,109,3,1,0,0,27870866
0,3,1,46,955,166,2025-05-11 07:00:00,2025-05-11 08:00:00,12,1,1,0,0,25761194
1,0,119,37,922,267,2025-05-09 00:00:00,2025-05-09 04:00:00,107,3,1,0,0,27623866
1,2,12580,27,988,229,2025-05-18 10:00:00,2025-05-18 11:00:00,107,3,1,0,0,26076602
0,0,199,54,782,61,2025-05-14 12:00:00,2025-05-14 19:00:00,21,4,2,0,0,27796588
0,1,187,51,935,165,2025-05-13 17:00:00,2025-05-14 01:00:00,63,3,1,0,0,25595168
1,0,119,64,11,111,2025-05-12 03:00:00,2025-05-12 06:00:00,12,4,2,0,0,27838541
1,0,13203,27,967,111,2025-05-09 11:00:00,2025-05-09 12:00:00,13,3,3,0,0,26411586
1,1,12306,47,850,166,2025-05-15 04:00:00,2025-05-15 07:00:00,13,3,1,0,0,27636908
2,3,12306,27,410,134,2025-05-06 02:00:00,2025-05-06 04:00:00,109,4,3,0,0,27724533
0,3,12580,56,968,162,2025-05-03 09:00:00,2025-05-03 15:00:00,21,3,2,0,0,25914419
1,3,119,36,690,189,2025-05-15 02:00:00,2025-05-15 09:00:00,0,4,1,0,0,25427182
0,2,14152,22,783,97,2025-05-09 08:00:00,2025-05-09 17:00:00,0,3,3,0,0,25390877
2,1,12308,54,383,142,2025-05-19 00:00:00,2025-05-19 05:00:00,63,4,2,0,0,27851305
2,1,4,11,63,165,2025-05-05 15:00:00,2025-05-05 19:00:00,109,4,3,0,0,26621502
1,0,236,47,663,125,2025-05-06 07:00:00,2025-05-06 08:00:00,21,3,1,0,0,25687495
2,2,12956,29,23,198,2025-05-02 11:00:00,2025-05-02 17:00:00,0,3,1,0,0,27578123
0,3,12926,18,845,207,2025-05-10 17:00:00,2025-05-11 01:00:00,15,4,1,0,0,27513323
1,2,13552,37,251,203,2025-05-13 21:00:00,2025-05-14 01:00:00,108,1,2,0,0,25880857
0,1,119,34,935,161,2025-05-02 22:00:00,2025-05-02 23:00:00,108,3,3,0,0,27854685
0,1,12587,4,935,267,2025-05-05 18:00:00,2025-05-05 23:00:00,15,3,2,0,0,25949711
2,0,13987,3,268,166,2025-05-18 07:00:00,2025-05-18 12:00:00,15,1,3,0,0,25405120
2,0,187,20,965,229,2025-05-11 14:00:00,2025-05-11 16:00:00,21,1,2,0,0,27869866
2,1,236,13,361,188,2025-05-10 06:00:00,2025-05-10 12:00:00,12,4,1,0,0,26023975
2,3,1,8,803,185,2025-05-06 03:00:00,2025-05-06 12:00:00,107,3,3,0,0,25627152
2,3,13056,29,159,1,2025-05-07 15:00:00,2025-05-07 21:00:00,0,4,3,0,0,26053544
1,2,12580,53,333,203,2025-05-18 12:00:00,2025-05-18 20:00:00,21,3,3,0,0,25552631
0,1,25,30,79,123,2025-05-04 23:00:00,2025-05-05 02:00:00,12,1,2,0,0,25928752
0,1,63604,51,1016,176,2025-05-05 10:00:00,2025-05-05 12:00:00,107,4,1,0,0,25762332
0,3,12308,1,995,115,2025-05-05 23:00:00,2025-05-06 03:00:00,21,3,3,0,0,27903454
0,3,14102,55,855,205,2025-05-05 04:00:00,2025-05-05 13:00:00,63,3,2,0,0,27017981
2,1,12308,33,896,115,2025-05-05 06:00:00,2025-05-05 15:00:00,107,1,3,0,0,27059636
0,0,2,7,832,145,2025-05-07 21:00:00,2025-05-08 00:00:00,107,1,1,0,0,27044310
1,1,12307,56,705,66,2025-05-18 05:00:00,2025-05-18 06:00:00,13,3,3,0,0,26982093
1,1,299,40,658,221,2025-05-08 17:00:00,2025-05-08 18:00:00,108,1,1,0,0,26028120
0,3,235,54,621,61,2025-05-02 07:00:00,2025-05-02 11:00:00,15,1,2,0,0,26972243
0,3,63604,50,711,198,2025-05-03 17:00:00,2025-05-03 21:00:00,63,4,2,0,0,26175427
1,0,12587,61,79,258,2025-05-08 10:00:00,2025-05-08 16:00:00,0,3,1,0,0,26587165
1,0,12301,56,65,265,2025-05-12 02:00:00,2025-05-12 07:00:00,13,4,1,0,0,26840122
2,2,13142,42,541,208,2025-05-17 19:00:00,2025-05-18 01:00:00,13,1,2,0,0,27962151
1,1,13933,28,1038,232,2025-05-02 12:00:00,2025-05-02 19:00:00,109,3,1,0,0,27045281
2,3,25,41,577,238,2025-05-09 08:00:00,2025-05-09 15:00:00,21,1,1,0,0,26880807
2,0,12587,31,381,258,2025-05-15 21:00:00,2025-05-16 06:00:00,21,1,3,0,0,25446479
2,2,235,50,1058,186,2025-05-03 00:00:00,2025-05-03 06:00:00,21,3,2,0,0,27415616
2,2,2,16,176,49,2025-05-12 10:00:00,2025-05-12 18:00:00,107,1,2,0,0,27943629
2,3,13417,2,385,162,2025-05-07 23:00:00,2025-05-08 01:00:00,0,4,1,0,0,27709426
0,3,119,31,481,215,2025-05-11 22:00:00,2025-05-12 06:00:00,108,3,1,0,0,27658485
1,2,327,11,366,244,2025-05-06 12:00:00,2025-05-06 21:00:00,21,1,1,0,0,26971718
2,0,13417,40,856,97,2025-05-13 09:00:00,2025-05-13 13:00:00,13,1,2,0,0,26767616
1,2,12580,49,415,265,2025-05-15 07:00:00,2025-05-15 12:00:00,0,1,3,0,0,27469314
1,1,12301,36,1041,166,2025-05-08 07:00:00,2025-05-08 12:00:00,13,3,2,0,0,27917604
2,1,299,66,1048,203,2025-05-17 06:00:00,2025-05-17 08:00:00,15,4,3,0,0,27858288
0,3,187,12,256,55,2025-05-01 10:00:00,2025-05-01 15:00:00,0,1,1,0,0,27042888
2,0,299,45,74,219,2025-05-09 08:00:00,2025-05-09 17:00:00,107,1,2,0,0,26811048
0,0,299,7,102,103,2025-05-19 00:00:00,2025-05-19 04:00:00,21,1,3,0,0,25432440
1,1,119,40,1040,66,2025-05-18 05:00:00,2025-05-18 08:00:00,12,3,2,0,0,25623352
0,2,12306,18,381,129,2025-05-13 08:00:00,2025-05-13 15:00:00,63,1,3,0,0,26478052
0,3,12350,44,545,142,2025-05-01 02:00:00,2025-05-01 10:00:00,13,1,3,0,0,25668011
0,2,187,47,94,232,2025-05-09 21:00:00,2025-05-10 03:00:00,109,1,2,0,0,27860854
1,2,13987,12,1016,199,2025-05-13 07:00:00,2025-05-13 13:00:00,109,3,1,0,0,27923098
1,2,32,44,580,167,2025-05-13 18:00:00,2025-05-13 23:00:00,63,4,2,0,0,25668499
0,0,25,25,1046,185,2025-05-02 07:00:00,2025-05-02 13:00:00,108,3,1,0,0,27721695
0,1,12350,60,600,229,2025-05-02 23:00:00,2025-05-03 08:00:00,108,4,3,0,0,27208588
2,0,12350,66,65,203,2025-05-14 14:00:00,2025-05-14 16:00:00,63,4,3,0,0,27346909
0,1,13142,18,351,183,2025-05-11 11:00:00,2025-05-11 14:00:00,12,3,2,0,0,26053003
2,3,13933,23,762,55,2025-05-09 06:00:00,2025-05-09 07:00:00,107,1,2,0,0,26541463
0,3,12350,21,462,204,2025-05-17 19:00:00,2025-05-17 23:00:00,0,4,1,0,0,26522155
2,2,12350,30,783,60,2025-05-04 16:00:00,2025-05-04 18:00:00,12,1,1,0,0,26681050
1,1,12545,7,268,188,2025-05-05 12:00:00,2025-05-05 18:00:00,21,4,2,0,0,27264067
0,1,4,41,563,167,2025-05-13 02:00:00,2025-05-13 03:00:00,108,1,1,0,0,25881522
0,1,13987,28,69,145,2025-05-05 11:00:00,2025-05-05 19:00:00,13,1,1,0,0,26577096
0,2,12545,58,971,225,2025-05-17 23:00:00,2025-05-18 05:00:00,108,3,2,0,0,27884517
0,2,25,3,11,62,2025-05-02 15:00:00,2025-05-03 00:00:00,109,1,2,0,0,27676142
2,3,12306,24,887,238,2025-05-03 03:00:00,2025-05-03 09:00:00,13,4,3,0,0,27697834
0,0,12926,21,159,193,2025-05-05 15:00:00,2025-05-05 22:00:00,21,1,3,0,0,26031386
1,1,13933,17,587,123,2025-05-13 06:00:00,2025-05-13 11:00:00,15,1,2,0,0,25760060
1,1,13417,48,368,258,2025-05-03 19:00:00,2025-05-04 03:00:00,109,1,3,0,0,27126314
0,0,13987,9,931,201,2025-05-08 20:00:00,2025-05-09 04:00:00,63,4,1,0,0,26993693
1,1,4,23,527,106,2025-05-14 19:00:00,2025-05-15 04:00:00,108,4,2,0,0,27848676
0,2,12308,21,859,199,2025-05-09 16:00:00,2025-05-09 22:00:00,21,4,3,0,0,26530555
0,2,187,3,986,244,2025-05-03 16:00:00,2025-05-03 17:00:00,21,1,2,0,0,26896047
1,1,236,0,378,162,2025-05-03 13:00:00,2025-05-03 22:00:00,15,3,3,0,0,27727991
0,2,12580,66,27,161,2025-05-11 17:00:00,2025-05-11 20:00:00,109,4,2,0,0,27266430
1,2,327,41,1030,267,2025-05-06 13:00:00,2025-05-06 22:00:00,13,1,1,0,0,25380969
2,1,13142,48,705,209,2025-05-06 01:00:00,2025-05-06 08:00:00,109,4,3,0,0,27047728
0,3,12308,46,163,1,2025-05-14 18:00:00,2025-05-14 21:00:00,109,3,2,0,0,25332127
2,0,13142,16,842,145,2025-05-08 02:00:00,2025-05-08 11:00:00,108,1,1,0,0,27953932
1,2,199,59,364,54,2025-05-09 17:00:00,2025-05-10 00:00:00,13,4,3,0,0,27410840
2,3,4,53,663,204,2025-05-13 07:00:00,2025-05-13 14:00:00,12,4,3,0,0,25311008
2,2,4,51,549,143,2025-05-04 16:00:00,2025-05-04 23:00:00,13,3,2,0,0,27939304
1,2,13552,54,941,183,2025-05-07 22:00:00,2025-05-08 00:00:00,21,4,1,0,0,25755284
2,0,12956,11,831,117,2025-05-02 03:00:00,2025-05-02 07:00:00,15,1,2,0,0,25556841
2,2,12350,59,328,202,2025-05-10 21:00:00,2025-05-11 05:00:00,109,1,3,0,0,27262275
1,0,12545,59,295,111,2025-05-14 23:00:00,2025-05-15 01:00:00,13,3,2,0,0,26982093
2,0,12545,1,21,267,2025-05-03 14:00:00,2025-05-03 18:00:00,21,3,2,0,0,26033892
1,0,13933,20,712,238,2025-05-11 14:00:00,2025-05-11 22:00:00,0,3,1,0,0,25931162
2,3,12544,44,511,189,2025-05-17 11:00:00,2025-05-17 14:00:00,15,1,1,0,0,25354641
1,1,12306,37,1016,123,2025-05-02 16:00:00,2025-05-02 22:00:00,107,3,3,0,0,27851305
1,3,186,50,856,219,2025-05-02 04:00:00,2025-05-02 06:00:00,63,4,1,0,0,25500493
2,1,13987,42,649,244,2025-05-12 14:00:00,2025-05-12 22:00:00,21,4,2,0,0,26033603
2,1,12350,9,549,60,2025-05-04 07:00:00,2025-05-04 15:00:00,109,1,3,0,0,26966941
2,0,13987,13,649,219,2025-05-03 02:00:00,2025-05-03 03:00:00,15,4,1,0,0,27685743
0,2,186,37,727,143,2025-05-05 15:00:00,2025-05-05 18:00:00,13,3,2,0,0,26793095
0,0,199,16,782,186,2025-05-16 00:00:00,2025-05-16 02:00:00,0,4,2,0,0,27779708
0,2,12305,25,378,97,2025-05-13 12:00:00,2025-05-13 19:00:00,107,3,3,0,0,26877870
1,1,13987,38,295,166,2025-05-04 17:00:00,2025-05-05 00:00:00,0,4,3,0,0,25717678
2,0,114,52,779,205,2025-05-10 12:00:00,2025-05-10 16:00:00,63,1,1,0,0,27849631
1,2,14152,42,419,223,2025-05-07 05:00:00,2025-05-07 13:00:00,15,3,1,0,0,27962151
0,3,12350,53,971,125,2025-05-11 02:00:00,2025-05-11 05:00:00,12,4,1,0,0,27264067
2,2,12544,28,943,143,2025-05-06 17:00:00,2025-05-07 02:00:00,108,1,1,0,0,27712929
1,0,299,9,722,128,2025-05-06 14:00:00,2025-05-06 19:00:00,15,4,3,0,0,25972445
2,3,13987,50,765,194,2025-05-04 16:00:00,2025-05-04 18:00:00,107,1,2,0,0,27952128
1,2,114,7,47,183,2025-05-01 14:00:00,2025-05-01 23:00:00,12,4,2,0,0,26716448
2,2,12305,65,890,54,2025-05-14 20:00:00,2025-05-14 21:00:00,12,3,1,0,0,27707319
0,2,13933,39,142,194,2025-05-16 01:00:00,2025-05-16 09:00:00,63,3,3,0,0,26907466
0,2,4,32,471,104,2025-05-08 05:00:00,2025-05-08 11:00:00,108,3,1,0,0,26940914
2,2,12545,28,406,225,2025-05-04 17:00:00,2025-05-04 18:00:00,12,3,1,0,0,25867710
1,3,12306,5,0,202,2025-05-09 20:00:00,2025-05-10 00:00:00,21,3,3,0,0,27722002
0,1,12956,30,301,129,2025-05-15 06:00:00,2025-05-15 09:00:00,12,4,2,0,0,26601323
0,3,32,30,162,215,2025-05-03 12:00:00,2025-05-03 19:00:00,12,4,2,0,0,27004780
0,3,12587,23,47,206,2025-05-16 03:00:00,2025-05-16 10:00:00,13,4,1,0,0,27835242
2,3,32,24,415,128,2025-05-10 03:00:00,2025-05-10 09:00:00,63,4,3,0,0,27059636
2,1,12956,26,89,161,2025-05-03 12:00:00,2025-05-03 20:00:00,12,3,2,0,0,27644876
1,0,13142,3,1030,183,2025-05-13 18:00:00,2025-05-14 01:00:00,12,1,2,0,0,26501008
1,1,12587,21,577,194,2025-05-07 21:00:00,2025-05-08 01:00:00,108,3,3,0,0,25648675
1,3,114,43,772,229,2025-05-01 11:00:00,2025-05-01 18:00:00,0,4,3,0,0,26987528
2,2,12307,5,563,207,2025-05-09 23:00:00,2025-05-10 00:00:00,13,3,2,0,0,27789866
2,2,13417,12,832,166,2025-05-04 04:00:00,2025-05-04 07:00:00,109,3,1,0,0,25442158
1,3,1,65,663,209,2025-05-10 15:00:00,2025-05-10 17:00:00,13,3,1,0,0,26704585
1,2,25,38,903,223,2025-05-05 15:00:00,2025-05-05 22:00:00,108,1,2,0,0,25772530
2,3,14152,6,821,197,2025-05-03 17:00:00,2025-05-04 02:00:00,63,3,1,0,0,27940277
1,2,12306,31,918,189,2025-05-08 13:00:00,2025-05-08 18:00:00,15,3,1,0,0,26000938
0,1,13417,20,74,203,2025-05-18 14:00:00,2025-05-18 23:00:00,108,1,3,0,0,25374095
2,0,2,36,690,229,2025-05-09 11:00:00,2025-05-09 19:00:00,107,3,3,0,0,25500493
1,0,12307,55,242,169,2025-05-18 14:00:00,2025-05-18 15:00:00,0,3,3,0,0,26909782
2,1,25,36,727,103,2025-05-16 10:00:00,2025-05-16 12:00:00,107,3,1,0,0,26857916
0,1,12544,40,702,189,2025-05-09 13:00:00,2025-05-09 19:00:00,107,3,3,0,0,26053003
2,3,32,62,900,82,2025-05-12 21:00:00,2025-05-13 02:00:00,63,3,3,0,0,26541463
2,3,13987,58,863,221,2025-05-05 08:00:00,2025-05-05 15:00:00,109,4,2,0,0,27271986
2,3,235,33,553,227,2025-05-11 01:00:00,2025-05-11 10:00:00,15,3,3,0,0,27736822
2,2,13056,37,895,97,2025-05-10 18:00:00,2025-05-10 22:00:00,12,1,2,0,0,26353181
0,3,13552,4,379,206,2025-05-08 07:00:00,2025-05-08 15:00:00,21,3,1,0,0,26269865
2,1,12308,56,27,176,2025-05-09 18:00:00,2025-05-09 22:00:00,12,4,3,0,0,26247103
2,0,14102,66,705,233,2025-05-02 06:00:00,2025-05-02 09:00:00,107,1,2,0,0,26876890
1,2,327,8,840,209,2025-05-10 18:00:00,2025-05-10 20:00:00,13,1,2,0,0,25801149
2,3,236,66,973,134,2025-05-11 01:00:00,2025-05-11 09:00:00,21,3,2,0,0,26462299
1,2,12308,33,685,197,2025-05-07 08:00:00,2025-05-07 16:00:00,63,4,1,0,0,27547676
0,2,235,45,385,233,2025-05-09 03:00:00,2025-05-09 06:00:00,15,3,3,0,0,27126314
0,3,4,6,1046,62,2025-05-12 04:00:00,2025-05-12 05:00:00,63,4,1,0,0,27565066
0,2,12956,0,831,183,2025-05-16 23:00:00,2025-05-17 05:00:00,0,4,2,0,0,27841327
0,0,14102,41,176,201,2025-05-08 01:00:00,2025-05-08 06:00:00,107,3,1,0,0,26046068
1,1,236,53,471,192,2025-05-15 20:00:00,2025-05-16 04:00:00,13,4,1,0,0,27846282
2,1,4,59,549,227,2025-05-14 10:00:00,2025-05-14 16:00:00,63,3,2,0,0,25737224
0,0,114,53,689,265,2025-05-14 23:00:00,2025-05-15 03:00:00,21,4,3,0,0,26510676
2,2,13552,63,791,188,2025-05-10 15:00:00,2025-05-10 17:00:00,107,1,3,0,0,25878160
1,3,12306,43,102,232,2025-05-08 15:00:00,2025-05-08 23:00:00,15,3,1,0,0,25643676
1,2,114,16,408,258,2025-05-15 22:00:00,2025-05-16 03:00:00,13,4,3,0,0,26175427
1,0,2,57,1060,165,2025-05-12 10:00:00,2025-05-12 18:00:00,109,1,2,0,0,26699573
0,2,13056,55,975,192,2025-05-18 21:00:00,2025-05-19 02:00:00,109,1,3,0,0,27911131
2,1,199,59,922,165,2025-05-17 14:00:00,2025-05-17 20:00:00,21,1,1,0,0,27737138
2,2,4,35,782,257,2025-05-02 07:00:00,2025-05-02 12:00:00,0,1,2,0,0,27863529
2,0,1,5,418,216,2025-05-08 08:00:00,2025-05-08 11:00:00,109,3,2,0,0,27003453
1,1,63604,42,1060,101,2025-05-17 20:00:00,2025-05-18 04:00:00,107,4,2,0,0,26434306
0,2,12350,0,50,193,2025-05-03 16:00:00,2025-05-03 19:00:00,15,1,1,0,0,26274941
1,2,114,14,571,230,2025-05-09 05:00:00,2025-05-09 09:00:00,0,4,1,0,0,25668499
1,1,12956,11,965,62,2025-05-02 02:00:00,2025-05-02 08:00:00,12,4,3,0,0,25766513
2,3,12956,40,965,186,2025-05-07 06:00:00,2025-05-07 08:00:00,15,4,1,0,0,27885981
1,1,12350,19,561,106,2025-05-13 14:00:00,2025-05-13 21:00:00,107,3,2,0,0,26840479
2,3,186,7,773,169,2025-05-12 03:00:00,2025-05-12 08:00:00,107,3,1,0,0,25390877
0,0,12308,11,11,161,2025-05-04 12:00:00,2025-05-04 17:00:00,0,1,1,0,0,27488419
2,0,114,42,21,193,2025-05-03 17:00:00,2025-05-03 22:00:00,15,4,3,0,0,27168705
0,1,187,1,69,143,2025-05-06 12:00:00,2025-05-06 14:00:00,0,3,2,0,0,26498407
2,1,4,44,920,233,2025-05-17 08:00:00,2025-05-17 17:00:00,21,3,3,0,0,26156163
1,0,13987,65,471,204,2025-05-17 19:00:00,2025-05-17 22:00:00,108,3,3,0,0,25494121
1,3,187,12,933,111,2025-05-16 05:00:00,2025-05-16 12:00:00,0,1,3,0,0,27825455
0,0,299,51,576,192,2025-05-04 09:00:00,2025-05-04 14:00:00,109,3,2,0,0,25683821
0,1,199,17,779,123,2025-05-16 20:00:00,2025-05-17 01:00:00,107,4,3,0,0,27965879
0,0,187,0,917,197,2025-05-14 06:00:00,2025-05-14 10:00:00,12,3,2,0,0,26507797
2,1,63604,32,1007,117,2025-05-14 15:00:00,2025-05-14 21:00:00,15,3,3,0,0,27361812
2,1,13933,31,1007,202,2025-05-05 01:00:00,2025-05-05 08:00:00,21,1,3,0,0,25514719
0,0,1,44,967,258,2025-05-04 00:00:00,2025-05-04 07:00:00,21,4,2,0,0,27712946
1,3,2,50,711,202,2025-05-14 14:00:00,2025-05-14 22:00:00,12,3,1,0,0,27193826
2,2,12301,54,477,49,2025-05-02 05:00:00,2025-05-02 10:00:00,0,4,3,0,0,27724533
2,0,236,35,118,233,2025-05-06 04:00:00,2025-05-06 11:00:00,0,4,1,0,0,26601323
2,2,12545,25,899,221,2025-05-09 17:00:00,2025-05-09 21:00:00,15,3,3,0,0,26907460
0,0,13203,60,1048,143,2025-05-12 07:00:00,2025-05-12 16:00:00,15,1,1,0,0,27492120
0,2,13552,26,408,229,2025-05-09 20:00:00,2025-05-10 01:00:00,13,4,1,0,0,27787695
0,3,2,33,662,162,2025-05-06 12:00:00,2025-05-06 15:00:00,0,3,1,0,0,26916859
0,3,236,44,644,167,2025-05-07 12:00:00,2025-05-07 17:00:00,15,4,1,0,0,27697428
0,0,13056,20,368,176,2025-05-02 22:00:00,2025-05-03 07:00:00,21,4,1,0,0,27825455
1,1,186,32,471,201,2025-05-15 20:00:00,2025-05-16 04:00:00,108,4,2,0,0,25404205
1,2,12308,36,789,201,2025-05-16 02:00:00,2025-05-16 03:00:00,107,3,1,0,0,27874417
0,1,236,60,772,161,2025-05-16 21:00:00,2025-05-17 02:00:00,0,4,2,0,0,25368555
2,1,235,54,60,61,2025-05-01 21:00:00,2025-05-02 03:00:00,13,4,3,0,0,25969696
0,1,12580,14,665,167,2025-05-04 10:00:00,2025-05-04 12:00:00,107,1,2,0,0,26909782
1,3,12587,29,242,201,2025-05-18 10:00:00,2025-05-18 16:00:00,109,3,1,0,0,27530768
1,0,327,66,780,161,2025-05-10 17:00:00,2025-05-11 02:00:00,108,3,2,0,0,27917604
2,0,12580,63,163,60,2025-05-03 11:00:00,2025-05-03 15:00:00,0,4,1,0,0,27469314
1,3,13056,60,125,186,2025-05-08 19:00:00,2025-05-08 22:00:00,13,1,2,0,0,27735842
0,3,12545,51,917,62,2025-05-03 09:00:00,2025-05-03 18:00:00,0,4,3,0,0,26943375
2,0,235,25,125,232,2025-05-11 18:00:00,2025-05-11 20:00:00,13,4,1,0,0,26251607
0,1,12580,33,988,233,2025-05-07 17:00:00,2025-05-08 02:00:00,63,3,1,0,0,25433187
0,2,12545,9,1046,265,2025-05-13 12:00:00,2025-05-13 14:00:00,13,1,2,0,0,27421222
2,2,13987,14,835,1,2025-05-13 17:00:00,2025-05-13 20:00:00,15,4,2,0,0,26987267
0,2,327,19,955,145,2025-05-01 01:00:00,2025-05-01 08:00:00,15,3,2,0,0,27923776
1,1,13056,38,903,194,2025-05-12 06:00:00,2025-05-12 08:00:00,63,4,2,0,0,26572191
0,0,13987,11,293,61,2025-05-18 12:00:00,2025-05-18 13:00:00,13,4,2,0,0,26885327
2,3,63604,59,283,142,2025-05-06 22:00:00,2025-05-07 07:00:00,109,1,1,0,0,27059654
2,0,63604,18,821,61,2025-05-08 19:00:00,2025-05-09 01:00:00,107,1,3,0,0,27033371
2,1,119,61,201,207,2025-05-15 15:00:00,2025-05-16 00:00:00,15,1,2,0,0,25635278
0,3,119,25,1041,188,2025-05-15 04:00:00,2025-05-15 07:00:00,107,4,1,0,0,26966941
2,1,187,15,527,202,2025-05-10 07:00:00,2025-05-10 10:00:00,107,1,3,0,0,25556688
2,2,12544,48,537,230,2025-05-16 06:00:00,2025-05-16 09:00:00,63,3,3,0,0,26716448
0,2,12350,28,477,227,2025-05-08 11:00:00,2025-05-08 13:00:00,21,4,2,0,0,26079310
1,1,12307,40,171,188,2025-05-01 22:00:00,2025-05-02 04:00:00,21,1,1,0,0,27059636
0,3,12301,43,695,183,2025-05-15 18:00:00,2025-05-15 21:00:00,13,4,1,0,0,27929512
2,3,13552,15,995,199,2025-05-02 12:00:00,2025-05-02 17:00:00,21,4,1,0,0,27800340
2,0,63604,61,510,143,2025-05-05 10:00:00,2025-05-05 15:00:00,0,3,1,0,0,27655646
0,2,32,46,765,194,2025-05-13 08:00:00,2025-05-13 11:00:00,13,3,1,0,0,27213273
1,0,13552,31,1075,205,2025-05-10 12:00:00,2025-05-10 15:00:00,21,3,3,0,0,25758493
2,0,13987,39,955,232,2025-05-14 00:00:00,2025-05-14 01:00:00,109,4,3,0,0,27631237
2,1,13142,42,821,201,2025-05-05 00:00:00,2025-05-05 06:00:00,107,4,3,0,0,27199383
2,1,32,31,821,49,2025-05-12 16:00:00,2025-05-12 19:00:00,13,3,1,0,0,26501008
0,0,4,35,622,161,2025-05-05 13:00:00,2025-05-05 14:00:00,107,4,3,0,0,27962151
2,2,12301,50,698,229,2025-05-02 12:00:00,2025-05-02 21:00:00,12,3,3,0,0,27796606
1,1,13933,31,722,169,2025-05-02 15:00:00,2025-05-02 16:00:00,21,3,2,0,0,26508468
2,0,12956,31,889,216,2025-05-04 12:00:00,2025-05-04 17:00:00,107,1,3,0,0,26236990
2,0,12307,34,47,176,2025-05-13 13:00:00,2025-05-13 18:00:00,21,3,2,0,0,27330460
1,0,13142,9,1044,205,2025-05-08 19:00:00,2025-05-08 21:00:00,107,1,1,0,0,26423624
2,0,12926,21,549,165,2025-05-10 23:00:00,2025-05-11 00:00:00,109,3,1,0,0,27755582
0,0,12926,14,381,257,2025-05-15 21:00:00,2025-05-16 03:00:00,108,4,1,0,0,25384835
0,0,12306,59,79,49,2025-05-15 17:00:00,2025-05-16 00:00:00,109,1,1,0,0,26529942
0,1,25,57,510,265,2025-05-01 18:00:00,2025-05-02 03:00:00,15,4,3,0,0,25632943
1,2,12544,49,351,194,2025-05-15 10:00:00,2025-05-15 18:00:00,21,4,2,0,0,27899563
2,0,12301,33,863,62,2025-05-17 08:00:00,2025-05-17 11:00:00,109,3,1,0,0,27894583
0,3,13933,23,577,110,2025-05-14 12:00:00,2025-05-14 21:00:00,0,3,1,0,0,27903454
1,1,12350,41,792,229,2025-05-11 20:00:00,2025-05-11 21:00:00,21,4,2,0,0,26056525
2,1,12350,0,832,125,2025-05-18 01:00:00,2025-05-18 07:00:00,63,3,2,0,0,26992037
1,0,12305,34,930,82,2025-05-17 18:00:00,2025-05-17 20:00:00,15,3,2,0,0,26498407
0,1,119,7,785,185,2025-05-07 13:00:00,2025-05-07 22:00:00,0,3,2,0,0,25500493
0,0,25,19,163,101,2025-05-13 15:00:00,2025-05-14 00:00:00,15,4,2,0,0,26924605
0,2,12308,62,973,111,2025-05-05 15:00:00,2025-05-05 23:00:00,13,1,3,0,0,27208606
1,2,13142,23,911,198,2025-05-06 23:00:00,2025-05-07 06:00:00,21,1,2,0,0,27776052
1,1,32,33,901,60,2025-05-11 15:00:00,2025-05-11 21:00:00,0,4,3,0,0,25552631
0,1,12305,26,947,244,2025-05-01 17:00:00,2025-05-01 19:00:00,12,3,2,0,0,25496697
1,3,12587,54,418,61,2025-05-08 15:00:00,2025-05-08 19:00:00,107,3,2,0,0,26682111
0,1,14102,27,947,216,2025-05-17 20:00:00,2025-05-18 03:00:00,63,1,1,0,0,26621502
0,3,12301,39,537,165,2025-05-12 22:00:00,2025-05-13 04:00:00,21,4,1,0,0,27783246
2,2,235,29,1075,169,2025-05-17 00:00:00,2025-05-17 09:00:00,63,4,1,0,0,27826704
1,2,236,19,118,205,2025-05-06 10:00:00,2025-05-06 15:00:00,0,3,1,0,0,25592419
0,0,32,22,986,199,2025-05-12 16:00:00,2025-05-12 22:00:00,107,3,1,0,0,25399150
0,2,12545,22,845,244,2025-05-11 04:00:00,2025-05-11 10:00:00,15,3,1,0,0,27569628
1,3,13056,19,81,115,2025-05-01 07:00:00,2025-05-01 15:00:00,21,4,2,0,0,26529245
2,1,12544,22,780,183,2025-05-09 00:00:00,2025-05-09 08:00:00,107,1,2,0,0,25643676
2,0,14102,9,970,97,2025-05-14 05:00:00,2025-05-14 11:00:00,63,4,1,0,0,25351406
0,3,1,61,163,223,2025-05-17 06:00:00,2025-05-17 14:00:00,108,4,1,0,0,27665079
1,1,12306,32,563,60,2025-05-01 06:00:00,2025-05-01 13:00:00,0,4,1,0,0,27451743
2,0,12305,25,878,125,2025-05-06 15:00:00,2025-05-06 16:00:00,0,1,2,0,0,26522155
1,2,186,46,727,163,2025-05-01 18:00:00,2025-05-01 23:00:00,63,3,1,0,0,26327677
1,3,13933,1,556,198,2025-05-17 16:00:00,2025-05-17 21:00:00,63,3,1,0,0,27677215
0,1,119,10,103,232,2025-05-06 18:00:00,2025-05-07 03:00:00,13,4,2,0,0,25384562
2,0,12926,43,545,207,2025-05-16 06:00:00,2025-05-16 13:00:00,15,4,2,0,0,25843752
0,0,14102,18,789,232,2025-05-08 08:00:00,2025-05-08 15:00:00,63,1,3,0,0,27727991
2,2,199,56,833,192,2025-05-01 10:00:00,2025-05-01 12:00:00,109,1,1,0,0,27230190
2,1,12580,61,1044,193,2025-05-02 16:00:00,2025-05-03 00:00:00,21,3,2,0,0,27737174
2,2,4,13,477,129,2025-05-05 17:00:00,2025-05-05 20:00:00,12,4,3,0,0,27954800
2,2,12305,4,969,143,2025-05-08 11:00:00,2025-05-08 20:00:00,21,1,2,0,0,27943629
2,1,12307,64,853,205,2025-05-09 01:00:00,2025-05-09 07:00:00,13,1,3,0,0,27885753
1,1,187,10,1040,207,2025-05-09 03:00:00,2025-05-09 12:00:00,107,4,3,0,0,25410932
0,1,114,43,834,162,2025-05-15 11:00:00,2025-05-15 20:00:00,12,4,1,0,0,26857613
1,3,32,51,238,163,2025-05-10 08:00:00,2025-05-10 15:00:00,107,4,1,0,0,25983960
2,1,13552,33,406,265,2025-05-14 18:00:00,2025-05-15 02:00:00,63,4,3,0,0,27798356
0,0,12308,7,545,192,2025-05-14 10:00:00,2025-05-14 12:00:00,13,4,1,0,0,27963307
2,2,12305,53,301,55,2025-05-18 15:00:00,2025-05-18 20:00:00,109,4,2,0,0,27880916
0,3,235,55,25,192,2025-05-11 20:00:00,2025-05-11 23:00:00,21,1,2,0,0,27695167
1,1,186,2,1,110,2025-05-05 19:00:00,2025-05-05 20:00:00,107,4,3,0,0,27111027
0,3,236,30,762,66,2025-05-07 05:00:00,2025-05-07 11:00:00,108,3,3,0,0,27891607
0,1,327,61,1022,176,2025-05-05 21:00:00,2025-05-06 06:00:00,21,4,2,0,0,27609649
0,3,13933,41,837,221,2025-05-07 20:00:00,2025-05-07 22:00:00,0,3,2,0,0,27022828
0,2,14102,41,136,229,2025-05-11 11:00:00,2025-05-11 20:00:00,15,3,3,0,0,27834188
0,2,12305,8,549,227,2025-05-12 02:00:00,2025-05-12 10:00:00,12,3,2,0,0,26466735
2,0,187,47,461,82,2025-05-02 19:00:00,2025-05-03 04:00:00,107,4,2,0,0,26175427
0,0,12305,48,418,216,2025-05-08 12:00:00,2025-05-08 17:00:00,13,4,3,0,0,25429731
0,1,2,65,1046,60,2025-05-04 04:00:00,2025-05-04 06:00:00,0,3,1,0,0,26791186
1,2,186,21,1037,104,2025-05-16 13:00:00,2025-05-16 19:00:00,15,4,2,0,0,25449120
0,3,4,46,1058,1,2025-05-05 19:00:00,2025-05-06 02:00:00,107,1,1,0,0,26053003
1,3,12306,15,939,193,2025-05-03 18:00:00,2025-05-03 21:00:00,109,1,1,0,0,27918663
2,3,199,35,375,61,2025-05-01 12:00:00,2025-05-01 18:00:00,107,1,2,0,0,26531408
0,0,2,31,101,169,2025-05-04 19:00:00,2025-05-05 01:00:00,108,1,1,0,0,27276204
1,3,114,52,541,198,2025-05-11 05:00:00,2025-05-11 13:00:00,108,4,3,0,0,27102999
1,0,12956,41,142,265,2025-05-12 02:00:00,2025-05-12 03:00:00,13,3,2,0,0,27213273
2,0,13552,52,477,115,2025-05-06 18:00:00,2025-05-06 22:00:00,108,4,2,0,0,26445907
0,1,12308,51,970,265,2025-05-15 04:00:00,2025-05-15 05:00:00,109,1,1,0,0,26395082
0,3,199,21,679,244,2025-05-11 03:00:00,2025-05-11 11:00:00,13,4,2,0,0,25777141
1,3,236,55,176,185,2025-05-15 04:00:00,2025-05-15 06:00:00,12,4,2,0,0,27208588
0,2,63604,65,969,103,2025-05-17 06:00:00,2025-05-17 14:00:00,109,1,1,0,0,26055860
1,1,187,0,821,265,2025-05-12 08:00:00,2025-05-12 11:00:00,13,3,1,0,0,25772530
0,2,12956,62,853,162,2025-05-13 15:00:00,2025-05-13 23:00:00,109,4,2,0,0,27958869
1,1,14102,49,698,227,2025-05-17 13:00:00,2025-05-17 19:00:00,108,4,2,0,0,27553799
0,3,327,54,611,267,2025-05-08 22:00:00,2025-05-08 23:00:00,12,1,3,0,0,26619417
2,0,13933,59,923,196,2025-05-05 00:00:00,2025-05-05 07:00:00,109,3,3,0,0,27851980
0,0,2,19,897,1,2025-05-14 18:00:00,2025-05-15 01:00:00,12,1,2,0,0,27452309
0,0,13417,10,323,143,2025-05-09 12:00:00,2025-05-09 18:00:00,15,1,2,0,0,27750893
2,0,12544,35,0,129,2025-05-18 09:00:00,2025-05-18 10:00:00,109,4,3,0,0,25741466
0,0,12956,60,340,230,2025-05-06 16:00:00,2025-05-06 21:00:00,21,3,1,0,0,26907460
2,2,186,66,995,265,2025-05-04 04:00:00,2025-05-04 05:00:00,108,1,2,0,0,27042888
0,1,235,43,1030,206,2025-05-16 23:00:00,2025-05-17 00:00:00,107,4,3,0,0,26825928
1,3,13417,8,894,1,2025-05-02 12:00:00,2025-05-02 18:00:00,12,1,3,0,0,27263873
1,2,13987,17,102,216,2025-05-12 21:00:00,2025-05-13 05:00:00,108,4,2,0,0,27891607
0,1,119,32,712,134,2025-05-18 16:00:00,2025-05-18 17:00:00,0,3,2,0,0,27959737
0,0,13417,45,873,233,2025-05-18 20:00:00,2025-05-18 22:00:00,21,1,3,0,0,26788776
0,1,186,16,479,165,2025-05-13 14:00:00,2025-05-13 19:00:00,108,3,2,0,0,26572191
1,1,13417,53,308,209,2025-05-06 14:00:00,2025-05-06 22:00:00,21,3,1,0,0,25880857
0,0,114,18,851,1,2025-05-06 21:00:00,2025-05-07 01:00:00,108,4,2,0,0,26247103
1,0,12307,36,929,49,2025-05-11 13:00:00,2025-05-11 18:00:00,21,1,3,0,0,26699747
2,0,13056,10,164,208,2025-05-02 23:00:00,2025-05-03 04:00:00,107,1,3,0,0,27079039
1,3,12307,35,1040,198,2025-05-11 14:00:00,2025-05-11 17:00:00,107,4,2,0,0,27097234
1,0,12307,56,1046,198,2025-05-06 13:00:00,2025-05-06 19:00:00,15,4,3,0,0,26993693
2,3,14152,57,317,134,2025-05-13 01:00:00,2025-05-13 06:00:00,107,3,1,0,0,27553292
1,0,12350,35,239,161,2025-05-09 15:00:00,2025-05-09 17:00:00,107,1,2,0,0,26269012
0,3,114,41,69,183,2025-05-05 04:00:00,2025-05-05 08:00:00,12,1,2,0,0,27709426
0,1,32,44,556,189,2025-05-02 21:00:00,2025-05-03 01:00:00,13,4,3,0,0,26944118
1,2,32,17,853,219,2025-05-03 21:00:00,2025-05-04 04:00:00,109,4,1,0,0,26896047
0,1,13417,47,136,104,2025-05-06 15:00:00,2025-05-06 22:00:00,12,4,2,0,0,27208588
1,1,14152,0,917,125,2025-05-12 15:00:00,2025-05-13 00:00:00,63,1,3,0,0,26909782
0,0,299,39,177,194,2025-05-03 18:00:00,2025-05-03 20:00:00,109,1,2,0,0,27647669
0,3,63604,42,465,167,2025-05-01 03:00:00,2025-05-01 09:00:00,63,3,1,0,0,27853979
1,2,119,42,561,128,2025-05-10 07:00:00,2025-05-10 09:00:00,0,4,3,0,0,27516856
0,0,12956,24,666,198,2025-05-01 00:00:00,2025-05-01 09:00:00,108,3,2,0,0,26274730
1,0,12544,9,125,229,2025-05-13 01:00:00,2025-05-13 03:00:00,13,1,3,0,0,26952360
0,0,13142,42,893,229,2025-05-05 12:00:00,2025-05-05 18:00:00,63,3,3,0,0,26581728
0,1,12301,55,988,202,2025-05-12 00:00:00,2025-05-12 08:00:00,109,3,1,0,0,27847107
2,3,13417,62,930,129,2025-05-03 14:00:00,2025-05-03 20:00:00,12,3,1,0,0,27854685
2,3,12350,47,954,194,2025-05-12 01:00:00,2025-05-12 04:00:00,15,4,2,0,0,27359528
1,2,13203,57,711,206,2025-05-06 17:00:00,2025-05-06 22:00:00,21,1,3,0,0,25432463
2,3,63604,19,686,143,2025-05-02 19:00:00,2025-05-02 23:00:00,107,4,3,0,0,27088865
1,3,12587,23,150,65,2025-05-16 13:00:00,2025-05-16 14:00:00,13,3,3,0,0,27759475
2,0,114,54,587,66,2025-05-18 23:00:00,2025-05-19 04:00:00,13,4,2,0,0,27718484
0,0,299,7,762,1,2025-05-11 21:00:00,2025-05-12 02:00:00,107,1,1,0,0,26840506
1,1,12587,61,898,111,2025-05-09 23:00:00,2025-05-10 06:00:00,107,1,1,0,0,25722331
1,0,12544,7,881,229,2025-05-06 00:00:00,2025-05-06 07:00:00,107,3,3,0,0,27188111
0,0,12307,28,1010,161,2025-05-07 07:00:00,2025-05-07 09:00:00,15,3,2,0,0,26909447
1,0,14152,59,917,193,2025-05-09 20:00:00,2025-05-10 00:00:00,0,4,3,0,0,27841327
1,0,12956,60,873,123,2025-05-10 17:00:00,2025-05-10 18:00:00,15,1,1,0,0,25336932
2,1,186,52,1037,61,2025-05-15 14:00:00,2025-05-15 19:00:00,12,1,3,0,0,25552631
1,0,13142,35,897,215,2025-05-05 14:00:00,2025-05-05 19:00:00,0,4,3,0,0,26688239
0,2,63604,48,897,163,2025-05-16 00:00:00,2025-05-16 04:00:00,21,1,3,0,0,27629681
2,2,63604,15,462,203,2025-05-14 07:00:00,2025-05-14 14:00:00,107,3,1,0,0,27086592
2,2,1,54,885,106,2025-05-10 05:00:00,2025-05-10 11:00:00,15,3,2,0,0,25756772
0,2,12301,18,893,209,2025-05-10 09:00:00,2025-05-10 12:00:00,108,4,3,0,0,26786626
0,0,1,55,580,230,2025-05-09 17:00:00,2025-05-09 19:00:00,12,4,1,0,0,27796748
2,2,12926,65,536,82,2025-05-17 11:00:00,2025-05-17 15:00:00,21,4,3,0,0,26521991
1,0,12307,48,406,230,2025-05-18 10:00:00,2025-05-18 19:00:00,21,3,2,0,0,27547326
2,1,32,54,11,103,2025-05-03 22:00:00,2025-05-04 03:00:00,109,4,3,0,0,25608357
0,2,12307,34,1016,186,2025-05-15 23:00:00,2025-05-16 00:00:00,109,1,2,0,0,26506589
2,3,235,59,885,258,2025-05-04 16:00:00,2025-05-04 19:00:00,21,4,1,0,0,26506589
0,2,199,61,900,238,2025-05-11 21:00:00,2025-05-12 06:00:00,0,1,2,0,0,25635278
2,2,12587,38,662,123,2025-05-16 05:00:00,2025-05-16 12:00:00,12,3,2,0,0,26734639
1,0,12580,60,182,142,2025-05-08 19:00:00,2025-05-08 22:00:00,109,1,1,0,0,27697834
2,2,114,62,1016,142,2025-05-05 15:00:00,2025-05-05 16:00:00,13,1,2,0,0,25446479
2,3,13056,45,767,192,2025-05-18 04:00:00,2025-05-18 08:00:00,107,1,2,0,0,26621502
0,0,13203,37,182,129,2025-05-18 13:00:00,2025-05-18 22:00:00,12,3,1,0,0,25606414
0,0,13933,12,674,166,2025-05-10 22:00:00,2025-05-11 05:00:00,21,1,2,0,0,25737224
0,1,32,39,842,244,2025-05-11 15:00:00,2025-05-11 20:00:00,21,1,2,0,0,27834860
2,1,187,11,1040,208,2025-05-07 05:00:00,2025-05-07 11:00:00,108,4,3,0,0,26966941
1,2,199,62,898,117,2025-05-06 06:00:00,2025-05-06 07:00:00,107,4,2,0,0,27059636
0,1,12926,19,364,219,2025-05-17 07:00:00,2025-05-17 14:00:00,13,4,2,0,0,27804237
0,1,32,48,986,233,2025-05-14 06:00:00,2025-05-14 11:00:00,63,1,2,0,0,27965879
2,1,327,8,649,115,2025-05-17 12:00:00,2025-05-17 19:00:00,109,1,1,0,0,25687495
0,0,114,44,62,192,2025-05-18 02:00:00,2025-05-18 07:00:00,108,3,2,0,0,27452309
1,0,13142,54,160,54,2025-05-17 17:00:00,2025-05-17 22:00:00,21,1,1,0,0,26270627
1,0,12580,24,893,111,2025-05-12 09:00:00,2025-05-12 12:00:00,0,1,1,0,0,27473674
0,1,12307,28,1031,145,2025-05-14 20:00:00,2025-05-15 01:00:00,108,3,2,0,0,27059629
0,0,12301,27,789,181,2025-05-17 13:00:00,2025-05-17 21:00:00,12,1,2,0,0,26073675
2,1,2,63,183,257,2025-05-06 18:00:00,2025-05-07 02:00:00,12,3,2,0,0,27778306
1,0,12301,46,970,209,2025-05-05 06:00:00,2025-05-05 08:00:00,15,3,2,0,0,27421759
1,0,13142,37,317,65,2025-05-11 01:00:00,2025-05-11 02:00:00,108,4,2,0,0,27657853
0,3,2,15,631,196,2025-05-05 20:00:00,2025-05-05 22:00:00,12,1,2,0,0,27898572
2,2,13056,55,136,169,2025-05-09 21:00:00,2025-05-10 04:00:00,21,4,2,0,0,25459049
1,1,114,25,901,219,2025-05-01 16:00:00,2025-05-01 19:00:00,12,1,1,0,0,25898139
1,3,327,41,722,227,2025-05-08 10:00:00,2025-05-08 18:00:00,63,4,3,0,0,27703691
2,0,199,61,967,166,2025-05-10 07:00:00,2025-05-10 11:00:00,109,3,1,0,0,26918309
2,1,12307,52,845,104,2025-05-12 05:00:00,2025-05-12 13:00:00,21,3,2,0,0,25941649
1,0,299,34,381,189,2025-05-14 00:00:00,2025-05-14 02:00:00,107,3,3,0,0,26993693
1,2,12305,16,702,117,2025-05-15 12:00:00,2025-05-15 17:00:00,63,3,3,0,0,26403501
2,3,14152,26,465,204,2025-05-06 13:00:00,2025-05-06 19:00:00,12,1,2,0,0,27871778
1,2,12926,10,1016,117,2025-05-05 17:00:00,2025-05-05 18:00:00,13,1,2,0,0,27923776
0,3,12307,18,698,216,2025-05-06 11:00:00,2025-05-06 12:00:00,15,4,1,0,0,27039719
0,0,13417,33,251,129,2025-05-06 18:00:00,2025-05-07 03:00:00,63,1,3,0,0,27736112
2,2,12545,43,893,62,2025-05-16 04:00:00,2025-05-16 09:00:00,12,1,3,0,0,27509777
2,2,12307,25,79,209,2025-05-10 15:00:00,2025-05-10 19:00:00,63,4,2,0,0,27963307
2,0,14102,21,899,206,2025-05-16 14:00:00,2025-05-16 15:00:00,63,3,2,0,0,26903867
0,2,12306,22,50,165,2025-05-04 19:00:00,2025-05-04 22:00:00,13,4,3,0,0,27788361
1,1,12301,30,74,101,2025-05-12 02:00:00,2025-05-12 06:00:00,12,4,3,0,0,26743804
0,3,12587,61,125,186,2025-05-05 02:00:00,2025-05-05 07:00:00,13,3,2,0,0,26097630
1,3,199,55,242,205,2025-05-09 14:00:00,2025-05-09 19:00:00,108,4,2,0,0,26565855
0,3,14152,63,975,204,2025-05-01 07:00:00,2025-05-01 15:00:00,109,4,2,0,0,27703691
1,1,119,12,373,229,2025-05-16 09:00:00,2025-05-16 12:00:00,109,4,1,0,0,27891607
0,3,13056,60,571,221,2025-05-17 20:00:00,2025-05-18 03:00:00,63,1,1,0,0,26699690
2,0,12545,13,467,208,2025-05-14 08:00:00,2025-05-14 14:00:00,21,3,2,0,0,26023975
0,2,13552,58,841,161,2025-05-04 20:00:00,2025-05-05 02:00:00,15,3,1,0,0,25658513
1,1,14152,24,585,205,2025-05-17 23:00:00,2025-05-18 08:00:00,108,4,3,0,0,26506589
0,3,12545,5,863,103,2025-05-07 13:00:00,2025-05-07 20:00:00,21,1,3,0,0,25516874
0,0,327,3,549,194,2025-05-15 23:00:00,2025-05-16 06:00:00,0,3,2,0,0,25500493
0,2,12301,14,238,1,2025-05-05 02:00:00,2025-05-05 03:00:00,15,3,3,0,0,27765548
2,2,187,11,928,215,2025-05-10 08:00:00,2025-05-10 09:00:00,109,4,3,0,0,26971718
0,1,4,33,462,82,2025-05-15 03:00:00,2025-05-15 12:00:00,109,4,3,0,0,25529321
2,1,12305,15,975,66,2025-05-09 15:00:00,2025-05-10 00:00:00,21,4,3,0,0,25683821
2,1,12305,15,904,192,2025-05-04 00:00:00,2025-05-04 03:00:00,108,3,3,0,0,26746011
0,0,187,28,592,196,2025-05-17 16:00:00,2025-05-18 00:00:00,15,4,1,0,0,27718775
0,0,12545,66,899,230,2025-05-03 10:00:00,2025-05-03 19:00:00,21,4,1,0,0,25351406
0,1,32,63,614,265,2025-05-12 22:00:00,2025-05-12 23:00:00,0,4,2,0,0,27709426
1,3,12305,9,1035,128,2025-05-03 15:00:00,2025-05-03 18:00:00,21,1,3,0,0,27788361
0,2,12580,46,931,134,2025-05-11 15:00:00,2025-05-11 21:00:00,63,4,1,0,0,26952360
2,2,114,44,869,265,2025-05-02 23:00:00,2025-05-03 03:00:00,12,3,1,0,0,25741428
0,0,13203,19,316,103,2025-05-12 14:00:00,2025-05-12 22:00:00,63,4,1,0,0,25547976
1,2,12305,48,702,233,2025-05-09 05:00:00,2025-05-09 14:00:00,15,3,3,0,0,26909782
0,3,199,48,965,125,2025-05-07 13:00:00,2025-05-07 20:00:00,13,1,1,0,0,27207906
1,2,13552,37,772,129,2025-05-13 22:00:00,2025-05-13 23:00:00,63,1,2,0,0,25875998
1,0,1,3,900,207,2025-05-01 06:00:00,2025-05-01 08:00:00,12,4,2,0,0,25750098
0,0,236,57,890,62,2025-05-11 07:00:00,2025-05-11 08:00:00,63,3,3,0,0,25366500
2,3,114,36,265,265,2025-05-16 07:00:00,2025-05-16 16:00:00,21,4,2,0,0,25336932
1,3,32,46,899,181,2025-05-10 15:00:00,2025-05-10 19:00:00,12,4,1,0,0,27678555
0,2,12308,16,261,49,2025-05-05 09:00:00,2025-05-05 17:00:00,13,3,3,0,0,27263873
0,2,12956,9,925,110,2025-05-05 01:00:00,2025-05-05 06:00:00,21,3,2,0,0,27790664
2,0,119,32,901,223,2025-05-12 03:00:00,2025-05-12 08:00:00,0,3,3,0,0,27902104
1,3,12545,43,840,207,2025-05-03 11:00:00,2025-05-03 16:00:00,0,3,1,0,0,26769587
1,3,13417,3,886,267,2025-05-13 19:00:00,2025-05-14 00:00:00,15,3,2,0,0,26992037
0,3,12545,44,1030,61,2025-05-18 02:00:00,2025-05-18 05:00:00,107,1,1,0,0,27189389
0,2,4,9,890,230,2025-05-06 19:00:00,2025-05-07 01:00:00,63,1,2,0,0,26531408
2,3,12301,19,363,215,2025-05-17 12:00:00,2025-05-17 13:00:00,12,1,3,0,0,25931162
2,0,32,17,851,125,2025-05-14 15:00:00,2025-05-14 23:00:00,21,3,2,0,0,27266155
1,0,12350,45,81,143,2025-05-08 21:00:00,2025-05-09 01:00:00,0,3,2,0,0,27656301
1,2,236,29,915,104,2025-05-06 04:00:00,2025-05-06 10:00:00,13,3,2,0,0,26196112
0,1,12545,12,1038,163,2025-05-18 04:00:00,2025-05-18 06:00:00,107,4,3,0,0,25617691
1,2,12544,21,889,60,2025-05-07 18:00:00,2025-05-07 20:00:00,13,1,2,0,0,27885753
2,1,114,21,686,229,2025-05-03 11:00:00,2025-05-03 19:00:00,63,1,1,0,0,27893444
2,3,12306,30,850,106,2025-05-18 04:00:00,2025-05-18 05:00:00,108,4,3,0,0,27789866
0,2,12350,62,103,193,2025-05-02 06:00:00,2025-05-02 14:00:00,107,4,3,0,0,27801482
2,0,327,49,1050,97,2025-05-14 20:00:00,2025-05-14 21:00:00,109,1,1,0,0,25732685
2,3,12308,17,644,166,2025-05-04 03:00:00,2025-05-04 12:00:00,108,3,3,0,0,26857916
2,0,12926,44,698,54,2025-05-11 02:00:00,2025-05-11 03:00:00,108,1,2,0,0,27492120
2,3,236,22,1048,103,2025-05-14 04:00:00,2025-05-14 08:00:00,63,3,3,0,0,27849631
0,2,12545,34,954,169,2025-05-11 17:00:00,2025-05-12 02:00:00,13,1,1,0,0,25969696
0,1,12306,27,894,192,2025-05-18 08:00:00,2025-05-18 09:00:00,0,1,3,0,0,27664169
1,3,13203,17,103,176,2025-05-08 21:00:00,2025-05-09 06:00:00,12,4,1,0,0,27003453
2,1,13417,21,159,192,2025-05-16 16:00:00,2025-05-17 00:00:00,12,4,3,0,0,26034466
1,3,13987,34,779,186,2025-05-14 02:00:00,2025-05-14 07:00:00,21,3,1,0,0,27966235
0,0,12350,4,63,196,2025-05-13 07:00:00,2025-05-13 13:00:00,21,3,3,0,0,27207906
0,0,12587,62,65,233,2025-05-08 08:00:00,2025-05-08 13:00:00,108,1,2,0,0,26046068
0,3,186,41,923,134,2025-05-12 23:00:00,2025-05-13 03:00:00,108,4,1,0,0,25900069
0,1,236,59,160,134,2025-05-13 05:00:00,2025-05-13 09:00:00,63,3,1,0,0,25760060
0,2,114,50,242,198,2025-05-15 11:00:00,2025-05-15 19:00:00,0,3,3,0,0,26279987
0,2,13933,52,571,221,2025-05-09 14:00:00,2025-05-09 22:00:00,12,3,3,0,0,25366500
0,0,199,54,505,111,2025-05-09 22:00:00,2025-05-10 07:00:00,12,1,3,0,0,27805591
2,2,13987,29,840,258,2025-05-15 07:00:00,2025-05-15 10:00:00,109,3,2,0,0,26168226
1,0,12308,39,69,227,2025-05-06 20:00:00,2025-05-07 04:00:00,21,3,3,0,0,25674752
0,2,2,14,383,110,2025-05-04 12:00:00,2025-05-04 15:00:00,109,4,1,0,0,25856649
2,3,14102,40,869,166,2025-05-08 13:00:00,2025-05-08 15:00:00,0,4,3,0,0,27719323
2,0,4,64,516,142,2025-05-14 19:00:00,2025-05-14 21:00:00,0,4,2,0,0,27627130
1,0,12580,37,268,123,2025-05-06 07:00:00,2025-05-06 16:00:00,63,1,3,0,0,27742969
0,3,13417,49,266,49,2025-05-12 04:00:00,2025-05-12 08:00:00,107,4,3,0,0,25756214
1,0,187,21,74,60,2025-05-02 14:00:00,2025-05-02 19:00:00,108,4,1,0,0,27890202
0,2,12307,17,712,145,2025-05-01 22:00:00,2025-05-02 00:00:00,21,4,3,0,0,26916866
2,2,12308,20,327,134,2025-05-11 01:00:00,2025-05-11 10:00:00,63,4,2,0,0,27636012
2,0,12926,23,317,134,2025-05-16 05:00:00,2025-05-16 12:00:00,107,3,3,0,0,25713463
2,2,12580,51,621,1,2025-05-05 10:00:00,2025-05-05 13:00:00,63,1,3,0,0,27509777
2,1,25,15,102,232,2025-05-15 11:00:00,2025-05-15 17:00:00,13,3,1,0,0,27343039
1,0,299,39,837,66,2025-05-06 21:00:00,2025-05-07 04:00:00,12,3,3,0,0,25433521
0,3,199,18,947,143,2025-05-07 00:00:00,2025-05-07 06:00:00,108,1,1,0,0,26907466
0,1,236,56,890,219,2025-05-12 15:00:00,2025-05-12 21:00:00,108,3,1,0,0,25715410
1,0,114,34,1013,104,2025-05-11 04:00:00,2025-05-11 12:00:00,108,4,3,0,0,26400612
0,3,63604,44,461,227,2025-05-08 22:00:00,2025-05-09 06:00:00,109,1,1,0,0,26684782
2,2,14152,0,23,188,2025-05-13 01:00:00,2025-05-13 06:00:00,21,3,1,0,0,26542775
0,3,63604,19,182,165,2025-05-08 10:00:00,2025-05-08 14:00:00,63,3,3,0,0,27346909
2,1,14102,0,894,198,2025-05-05 15:00:00,2025-05-05 20:00:00,63,4,3,0,0,26925481
1,2,13142,46,632,186,2025-05-09 21:00:00,2025-05-10 06:00:00,109,3,2,0,0,27547676
0,0,32,16,556,169,2025-05-06 17:00:00,2025-05-06 23:00:00,0,3,2,0,0,27665079
1,2,13987,36,995,193,2025-05-16 13:00:00,2025-05-16 16:00:00,21,3,1,0,0,25457856
0,0,199,3,1075,111,2025-05-09 07:00:00,2025-05-09 10:00:00,107,1,1,0,0,27127339
2,0,1,24,295,65,2025-05-17 20:00:00,2025-05-17 21:00:00,107,1,3,0,0,27954800
1,3,299,26,1075,185,2025-05-18 12:00:00,2025-05-18 17:00:00,108,3,2,0,0,27644876
0,3,299,20,576,194,2025-05-01 06:00:00,2025-05-01 12:00:00,63,3,2,0,0,27855446
2,3,12350,37,703,205,2025-05-15 09:00:00,2025-05-15 17:00:00,15,4,3,0,0,27254916
1,1,12307,39,351,101,2025-05-01 12:00:00,2025-05-01 21:00:00,0,1,3,0,0,26791186
1,1,14102,10,970,197,2025-05-04 07:00:00,2025-05-04 14:00:00,108,1,3,0,0,27870866
0,3,199,47,250,199,2025-05-12 21:00:00,2025-05-12 22:00:00,107,1,3,0,0,27530768
0,1,4,28,384,163,2025-05-07 14:00:00,2025-05-07 21:00:00,107,3,2,0,0,27213273
0,2,25,41,881,176,2025-05-17 04:00:00,2025-05-17 13:00:00,21,4,3,0,0,26591504
2,2,14102,11,727,166,2025-05-18 07:00:00,2025-05-18 11:00:00,0,4,3,0,0,27333317
0,1,13203,15,366,189,2025-05-12 07:00:00,2025-05-12 14:00:00,0,3,2,0,0,27779708
1,1,1,49,1006,60,2025-05-09 08:00:00,2025-05-09 17:00:00,15,3,3,0,0,25434436
1,2,13987,13,62,169,2025-05-07 05:00:00,2025-05-07 06:00:00,107,4,2,0,0,26468536
0,0,12308,29,368,196,2025-05-18 19:00:00,2025-05-19 04:00:00,12,4,2,0,0,27883465
0,2,12926,1,201,221,2025-05-13 07:00:00,2025-05-13 11:00:00,21,1,3,0,0,26855733
1,2,12301,24,27,60,2025-05-13 04:00:00,2025-05-13 12:00:00,63,3,3,0,0,26095945
2,1,199,52,592,233,2025-05-14 21:00:00,2025-05-15 00:00:00,12,1,1,0,0,26903867
0,2,199,6,611,197,2025-05-12 07:00:00,2025-05-12 09:00:00,13,4,1,0,0,27898572
0,1,2,58,150,125,2025-05-02 18:00:00,2025-05-03 02:00:00,21,1,2,0,0,25453304
1,1,12956,4,863,232,2025-05-14 06:00:00,2025-05-14 14:00:00,63,4,2,0,0,26489078
0,3,186,29,666,115,2025-05-01 14:00:00,2025-05-01 17:00:00,0,4,1,0,0,27191634
2,2,12926,58,351,183,2025-05-11 07:00:00,2025-05-11 15:00:00,63,1,2,0,0,27732586
1,0,13933,55,1038,185,2025-05-08 03:00:00,2025-05-08 09:00:00,21,3,1,0,0,27883465
0,3,13933,1,1031,258,2025-05-10 01:00:00,2025-05-10 10:00:00,107,1,3,0,0,27750070
1,1,187,11,679,221,2025-05-06 16:00:00,2025-05-06 22:00:00,13,1,3,0,0,27891316
0,1,12587,52,561,197,2025-05-14 08:00:00,2025-05-14 16:00:00,0,3,3,0,0,26489078
0,0,187,55,328,66,2025-05-10 10:00:00,2025-05-10 12:00:00,12,3,2,0,0,26677496
0,1,186,9,284,123,2025-05-02 19:00:00,2025-05-02 20:00:00,109,1,3,0,0,27702518
2,2,25,7,89,202,2025-05-01 19:00:00,2025-05-01 21:00:00,13,4,2,0,0,26144109
2,3,25,0,565,189,2025-05-05 22:00:00,2025-05-06 02:00:00,15,1,3,0,0,25969696
1,1,13142,3,673,181,2025-05-10 17:00:00,2025-05-11 02:00:00,109,4,2,0,0,26162458
0,1,13142,0,892,267,2025-05-16 07:00:00,2025-05-16 14:00:00,12,3,2,0,0,26510273
0,0,236,62,924,209,2025-05-16 18:00:00,2025-05-17 03:00:00,63,3,1,0,0,27759203
2,2,13933,21,762,244,2025-05-18 08:00:00,2025-05-18 17:00:00,107,4,1,0,0,25384835
0,1,12587,54,799,129,2025-05-14 23:00:00,2025-05-15 08:00:00,63,1,1,0,0,26150425
2,0,2,0,0,227,2025-05-15 19:00:00,2025-05-16 03:00:00,107,3,2,0,0,25432463
0,1,199,39,705,229,2025-05-11 21:00:00,2025-05-12 03:00:00,108,4,1,0,0,26746011
1,0,186,60,576,227,2025-05-04 10:00:00,2025-05-04 17:00:00,108,4,1,0,0,27695167
0,0,12301,65,843,61,2025-05-02 06:00:00,2025-05-02 08:00:00,15,1,1,0,0,27840285
0,2,12306,37,917,221,2025-05-14 09:00:00,2025-05-14 10:00:00,108,4,2,0,0,27752846
2,1,13417,31,930,106,2025-05-12 09:00:00,2025-05-12 14:00:00,109,4,2,0,0,26638141
0,2,12545,46,251,209,2025-05-10 17:00:00,2025-05-11 01:00:00,109,1,1,0,0,25765945
0,0,63604,47,689,233,2025-05-02 03:00:00,2025-05-02 06:00:00,15,3,1,0,0,25928752
2,3,13142,12,49,257,2025-05-11 11:00:00,2025-05-11 18:00:00,15,3,2,0,0,27410074
1,1,12926,47,563,215,2025-05-14 11:00:00,2025-05-14 16:00:00,15,3,2,0,0,27695167
1,3,63604,29,789,60,2025-05-11 12:00:00,2025-05-11 20:00:00,12,4,1,0,0,26766784
2,1,327,30,446,209,2025-05-10 22:00:00,2025-05-11 04:00:00,21,4,1,0,0,27885981
2,2,186,21,916,257,2025-05-16 09:00:00,2025-05-16 15:00:00,0,1,1,0,0,27638177
2,2,4,33,881,97,2025-05-18 20:00:00,2025-05-19 03:00:00,15,4,2,0,0,27902565
2,2,12587,24,821,129,2025-05-14 01:00:00,2025-05-14 08:00:00,0,4,1,0,0,27907672
2,2,299,26,929,198,2025-05-08 06:00:00,2025-05-08 10:00:00,12,3,2,0,0,27635476
1,2,13987,40,869,101,2025-05-09 01:00:00,2025-05-09 09:00:00,21,4,3,0,0,27923957
1,3,25,30,553,227,2025-05-08 11:00:00,2025-05-08 17:00:00,15,4,1,0,0,27421222
2,2,12544,27,873,104,2025-05-18 11:00:00,2025-05-18 19:00:00,15,4,3,0,0,27686752
0,0,63604,56,672,104,2025-05-17 00:00:00,2025-05-17 07:00:00,15,1,2,0,0,27425946
2,0,12956,36,1038,267,2025-05-13 06:00:00,2025-05-13 07:00:00,109,4,3,0,0,27636908
0,3,12580,47,858,189,2025-05-09 22:00:00,2025-05-10 02:00:00,12,1,1,0,0,26944369
2,1,12301,56,159,115,2025-05-09 10:00:00,2025-05-09 17:00:00,0,3,3,0,0,25429731
2,0,13142,57,162,244,2025-05-11 09:00:00,2025-05-11 18:00:00,107,4,3,0,0,26233182
1,1,12301,65,898,145,2025-05-16 01:00:00,2025-05-16 03:00:00,107,1,3,0,0,26929299
0,3,14152,46,118,66,2025-05-11 16:00:00,2025-05-11 21:00:00,12,3,2,0,0,25880857
0,1,32,27,773,110,2025-05-04 02:00:00,2025-05-04 11:00:00,15,4,1,0,0,27736029
1,1,13933,60,622,123,2025-05-15 07:00:00,2025-05-15 16:00:00,107,1,2,0,0,26462299
1,1,12580,45,865,229,2025-05-09 09:00:00,2025-05-09 15:00:00,0,1,3,0,0,25606414
1,1,12956,64,332,192,2025-05-06 21:00:00,2025-05-07 04:00:00,107,3,3,0,0,27276204
1,3,63604,47,328,186,2025-05-09 13:00:00,2025-05-09 22:00:00,0,4,2,0,0,26580920
0,0,114,60,516,176,2025-05-09 06:00:00,2025-05-09 14:00:00,15,4,2,0,0,25516299
0,2,12544,5,1013,115,2025-05-17 22:00:00,2025-05-18 04:00:00,15,4,3,0,0,26966635
2,1,63604,8,81,204,2025-05-08 02:00:00,2025-05-08 08:00:00,108,1,1,0,0,25756139
2,0,12587,5,284,185,2025-05-17 21:00:00,2025-05-18 04:00:00,109,4,2,0,0,27898572
1,0,236,32,977,183,2025-05-14 03:00:00,2025-05-14 10:00:00,21,1,3,0,0,25332304
1,3,236,58,1048,134,2025-05-10 11:00:00,2025-05-10 13:00:00,21,1,3,0,0,25453304
1,0,12587,23,965,111,2025-05-18 02:00:00,2025-05-18 11:00:00,63,3,1,0,0,27741385
2,3,13142,47,375,238,2025-05-17 01:00:00,2025-05-17 05:00:00,109,1,3,0,0,26276201
2,1,12580,1,384,111,2025-05-18 14:00:00,2025-05-18 23:00:00,15,3,2,0,0,25669371
2,1,14102,34,666,167,2025-05-08 10:00:00,2025-05-08 13:00:00,21,3,3,0,0,27865114
2,2,186,66,505,238,2025-05-16 05:00:00,2025-05-16 10:00:00,0,4,3,0,0,26032824
2,2,13203,21,183,181,2025-05-12 10:00:00,2025-05-12 15:00:00,63,3,3,0,0,26006155
2,2,12305,43,943,49,2025-05-03 13:00:00,2025-05-03 20:00:00,107,4,3,0,0,27748060
2,0,12545,15,50,194,2025-05-14 14:00:00,2025-05-14 18:00:00,107,3,1,0,0,27059636
1,1,12545,65,177,223,2025-05-09 11:00:00,2025-05-09 15:00:00,63,1,2,0,0,27404820
1,3,13987,16,666,115,2025-05-16 06:00:00,2025-05-16 07:00:00,108,4,3,0,0,27851305
1,2,235,5,783,110,2025-05-06 12:00:00,2025-05-06 18:00:00,13,1,2,0,0,27735842
1,3,12587,66,832,196,2025-05-03 23:00:00,2025-05-04 03:00:00,0,4,1,0,0,27911131
2,3,12350,38,850,55,2025-05-04 05:00:00,2025-05-04 10:00:00,21,1,2,0,0,26269012
0,2,1,50,563,65,2025-05-08 20:00:00,2025-05-09 05:00:00,108,3,1,0,0,27702518
2,1,32,48,576,204,2025-05-15 19:00:00,2025-05-15 23:00:00,0,4,2,0,0,27690794
0,2,235,24,265,145,2025-05-03 22:00:00,2025-05-03 23:00:00,21,4,2,0,0,26640049
1,3,14102,30,873,101,2025-05-11 22:00:00,2025-05-12 07:00:00,15,4,3,0,0,26034966
2,2,12306,55,63,230,2025-05-13 17:00:00,2025-05-13 22:00:00,109,3,2,0,0,27126605
1,3,12580,48,545,167,2025-05-02 21:00:00,2025-05-03 04:00:00,15,1,3,0,0,26579190
2,3,236,60,201,1,2025-05-10 07:00:00,2025-05-10 10:00:00,107,3,3,0,0,26580920
1,2,12580,59,556,129,2025-05-14 15:00:00,2025-05-14 19:00:00,108,3,2,0,0,25941649
0,0,12544,43,931,225,2025-05-11 09:00:00,2025-05-11 18:00:00,63,3,3,0,0,26274730
0,2,187,26,351,225,2025-05-04 03:00:00,2025-05-04 04:00:00,15,1,2,0,0,26531408
0,0,12350,34,441,165,2025-05-04 01:00:00,2025-05-04 06:00:00,108,3,3,0,0,27705693
2,3,13552,39,986,104,2025-05-06 21:00:00,2025-05-07 05:00:00,12,4,3,0,0,27003453
0,3,13056,42,261,197,2025-05-04 00:00:00,2025-05-04 07:00:00,107,3,1,0,0,25308572
2,0,13056,20,618,186,2025-05-05 05:00:00,2025-05-05 09:00:00,21,1,1,0,0,27820697
0,3,12544,54,904,198,2025-05-04 21:00:00,2025-05-05 04:00:00,108,4,2,0,0,26701013
0,0,12926,56,25,209,2025-05-03 20:00:00,2025-05-03 21:00:00,0,1,3,0,0,27720800
2,0,13203,59,94,199,2025-05-03 16:00:00,2025-05-03 22:00:00,21,3,1,0,0,26840479
2,3,299,66,658,267,2025-05-09 00:00:00,2025-05-09 09:00:00,107,1,1,0,0,25500493
0,1,327,6,679,258,2025-05-03 13:00:00,2025-05-03 16:00:00,15,4,1,0,0,27421222
2,0,12956,38,911,265,2025-05-01 19:00:00,2025-05-01 23:00:00,12,1,3,0,0,25868833
0,2,12350,66,889,199,2025-05-11 00:00:00,2025-05-11 08:00:00,13,4,2,0,0,27703691
2,2,12956,60,894,128,2025-05-09 10:00:00,2025-05-09 15:00:00,21,4,3,0,0,26857916
1,3,13142,46,970,198,2025-05-18 01:00:00,2025-05-18 06:00:00,21,3,3,0,0,26477875
1,1,12956,15,471,176,2025-05-13 11:00:00,2025-05-13 12:00:00,63,3,1,0,0,26601323
1,3,299,41,293,162,2025-05-09 02:00:00,2025-05-09 08:00:00,15,4,3,0,0,26548746
1,1,12544,26,361,197,2025-05-03 13:00:00,2025-05-03 15:00:00,21,1,3,0,0,26232182
1,0,235,17,25,169,2025-05-05 10:00:00,2025-05-05 11:00:00,63,4,1,0,0,26538394
0,0,2,7,446,143,2025-05-06 04:00:00,2025-05-06 10:00:00,107,3,1,0,0,25643676
1,0,13987,9,1010,103,2025-05-13 12:00:00,2025-05-13 17:00:00,21,1,3,0,0,26684782
1,0,25,25,1037,219,2025-05-12 02:00:00,2025-05-12 07:00:00,12,4,1,0,0,25942879
1,2,14152,45,834,192,2025-05-09 09:00:00,2025-05-09 18:00:00,0,3,2,0,0,26079310
1,2,186,45,545,134,2025-05-07 17:00:00,2025-05-07 20:00:00,13,4,2,0,0,27421594
2,3,12305,30,308,206,2025-05-15 07:00:00,2025-05-15 08:00:00,107,4,2,0,0,26003290
0,1,12926,10,855,225,2025-05-13 13:00:00,2025-05-13 21:00:00,15,4,2,0,0,27731128
1,0,114,12,644,258,2025-05-05 15:00:00,2025-05-05 20:00:00,15,1,2,0,0,25740788
1,0,12545,62,47,104,2025-05-15 00:00:00,2025-05-15 05:00:00,15,3,1,0,0,27780304
1,1,13552,6,103,134,2025-05-02 07:00:00,2025-05-02 15:00:00,12,3,1,0,0,27185332
0,1,12587,57,162,205,2025-05-05 01:00:00,2025-05-05 09:00:00,107,4,2,0,0,27684062
2,3,14102,8,711,201,2025-05-11 06:00:00,2025-05-11 08:00:00,21,4,2,0,0,27126605
0,1,32,1,25,219,2025-05-11 20:00:00,2025-05-11 23:00:00,12,4,2,0,0,27565066
2,0,13987,14,923,97,2025-05-08 22:00:00,2025-05-08 23:00:00,63,1,1,0,0,26811048
1,0,13417,59,161,60,2025-05-02 04:00:00,2025-05-02 07:00:00,15,3,1,0,0,26033603
1,0,12956,51,545,181,2025-05-02 23:00:00,2025-05-03 03:00:00,63,4,3,0,0,27796588
0,0,12350,36,1013,65,2025-05-11 09:00:00,2025-05-11 16:00:00,13,3,3,0,0,27963307
0,0,13142,57,465,189,2025-05-10 09:00:00,2025-05-10 18:00:00,21,4,3,0,0,26767616
2,3,12956,10,782,215,2025-05-12 07:00:00,2025-05-12 12:00:00,21,3,3,0,0,27424651
2,0,235,12,63,49,2025-05-07 08:00:00,2025-05-07 09:00:00,108,4,1,0,0,26766784
0,3,235,4,799,183,2025-05-14 15:00:00,2025-05-14 17:00:00,12,1,1,0,0,27843743
2,0,187,50,1014,193,2025-05-12 20:00:00,2025-05-12 22:00:00,12,4,1,0,0,27804237
0,2,63604,33,663,162,2025-05-08 11:00:00,2025-05-08 20:00:00,109,4,1,0,0,26462299
2,2,12307,58,780,258,2025-05-13 13:00:00,2025-05-13 20:00:00,13,4,2,0,0,25756214
0,2,12301,65,931,215,2025-05-07 08:00:00,2025-05-07 10:00:00,15,4,3,0,0,25552631
0,2,235,31,379,199,2025-05-10 17:00:00,2025-05-10 18:00:00,108,4,1,0,0,26529245
0,3,12305,42,881,134,2025-05-01 22:00:00,2025-05-02 03:00:00,63,3,1,0,0,26132147
2,3,13552,54,565,238,2025-05-18 09:00:00,2025-05-18 10:00:00,21,3,3,0,0,25617936
2,1,13142,15,931,163,2025-05-04 21:00:00,2025-05-05 06:00:00,109,1,1,0,0,27968483
2,0,12544,40,1050,115,2025-05-16 09:00:00,2025-05-16 12:00:00,109,4,2,0,0,27361812
0,2,299,47,1044,55,2025-05-11 04:00:00,2025-05-11 06:00:00,13,3,1,0,0,27962045
2,3,13142,51,25,183,2025-05-13 01:00:00,2025-05-13 07:00:00,0,3,3,0,0,26638141
2,0,236,36,136,115,2025-05-07 15:00:00,2025-05-07 18:00:00,21,4,2,0,0,25762332
0,0,13142,16,592,176,2025-05-16 12:00:00,2025-05-16 17:00:00,12,4,2,0,0,25323509
1,3,4,40,657,183,2025-05-12 20:00:00,2025-05-13 04:00:00,63,1,3,0,0,27431617
0,2,4,28,673,145,2025-05-01 08:00:00,2025-05-01 10:00:00,15,1,3,0,0,25878160
2,1,25,16,317,49,2025-05-08 16:00:00,2025-05-08 21:00:00,15,3,2,0,0,27891661
0,0,14152,11,949,66,2025-05-13 06:00:00,2025-05-13 14:00:00,0,1,1,0,0,25452535
1,1,187,8,446,163,2025-05-06 14:00:00,2025-05-06 15:00:00,13,3,3,0,0,25459653
0,2,186,63,781,186,2025-05-05 13:00:00,2025-05-05 17:00:00,15,1,2,0,0,25949711
2,2,13552,47,850,205,2025-05-03 20:00:00,2025-05-04 01:00:00,108,4,3,0,0,27776414
1,1,13417,56,781,201,2025-05-06 15:00:00,2025-05-06 18:00:00,15,1,1,0,0,26031784
2,2,235,39,762,162,2025-05-04 23:00:00,2025-05-05 01:00:00,107,3,1,0,0,27937941
1,0,13203,61,940,219,2025-05-05 22:00:00,2025-05-06 01:00:00,108,1,2,0,0,26682166
1,1,13056,16,789,232,2025-05-16 13:00:00,2025-05-16 18:00:00,63,3,1,0,0,26463890
0,2,12301,27,917,215,2025-05-12 09:00:00,2025-05-12 16:00:00,15,3,1,0,0,26919026
0,1,235,38,894,196,2025-05-15 21:00:00,2025-05-15 23:00:00,12,1,1,0,0,27814135
2,0,12926,3,928,209,2025-05-16 05:00:00,2025-05-16 12:00:00,108,1,3,0,0,27126314
0,2,2,45,672,185,2025-05-15 01:00:00,2025-05-15 07:00:00,109,3,2,0,0,27877313
0,0,119,10,631,189,2025-05-08 08:00:00,2025-05-08 15:00:00,107,4,2,0,0,26455054
1,2,12301,63,556,238,2025-05-16 00:00:00,2025-05-16 07:00:00,107,1,2,0,0,27469314
0,3,14102,30,505,230,2025-05-10 20:00:00,2025-05-11 05:00:00,63,3,1,0,0,27846282
1,2,13203,65,780,111,2025-05-12 07:00:00,2025-05-12 14:00:00,108,4,3,0,0,25741466
1,1,12306,25,418,1,2025-05-12 12:00:00,2025-05-12 18:00:00,12,3,2,0,0,26627372
1,2,12307,39,631,117,2025-05-06 17:00:00,2025-05-07 01:00:00,0,1,3,0,0,27817026
2,0,13552,61,149,223,2025-05-16 01:00:00,2025-05-16 08:00:00,12,3,2,0,0,26196773
2,0,1,0,65,185,2025-05-06 11:00:00,2025-05-06 17:00:00,15,3,1,0,0,27553799
2,2,12544,30,34,65,2025-05-02 19:00:00,2025-05-02 23:00:00,21,3,2,0,0,27966235
1,1,13552,29,171,198,2025-05-06 02:00:00,2025-05-06 09:00:00,63,1,2,0,0,26581728
2,3,13203,58,657,225,2025-05-06 15:00:00,2025-05-06 23:00:00,21,4,1,0,0,27473674
2,1,13417,39,831,1,2025-05-16 06:00:00,2025-05-16 14:00:00,108,4,1,0,0,25557351
0,3,63604,31,789,66,2025-05-16 12:00:00,2025-05-16 16:00:00,0,4,2,0,0,27839564
2,0,12956,50,363,66,2025-05-06 05:00:00,2025-05-06 14:00:00,107,4,3,0,0,27949870
2,1,13552,60,632,197,2025-05-12 10:00:00,2025-05-12 13:00:00,107,1,1,0,0,27003453
1,3,12956,18,177,123,2025-05-03 15:00:00,2025-05-04 00:00:00,109,3,2,0,0,27879196
1,2,327,25,1060,265,2025-05-13 07:00:00,2025-05-13 10:00:00,12,4,1,0,0,26907460
1,0,14102,6,1013,169,2025-05-10 15:00:00,2025-05-10 22:00:00,12,4,3,0,0,27711339
1,2,14152,45,765,143,2025-05-03 02:00:00,2025-05-03 06:00:00,12,1,2,0,0,27664169
1,0,187,39,364,166,2025-05-06 16:00:00,2025-05-06 21:00:00,15,3,2,0,0,27492678
1,1,12307,36,954,257,2025-05-07 13:00:00,2025-05-07 16:00:00,63,3,3,0,0,26451166
2,1,4,59,239,203,2025-05-03 07:00:00,2025-05-03 09:00:00,21,4,3,0,0,27834860
1,0,12580,36,1010,204,2025-05-04 08:00:00,2025-05-04 16:00:00,15,4,2,0,0,25865600
1,0,119,8,632,106,2025-05-10 15:00:00,2025-05-10 22:00:00,0,3,3,0,0,25765945
0,0,32,22,973,181,2025-05-18 19:00:00,2025-05-19 02:00:00,0,1,3,0,0,27292598
2,1,13417,12,679,192,2025-05-17 14:00:00,2025-05-17 22:00:00,0,3,2,0,0,26531408
2,3,12545,21,510,49,2025-05-14 13:00:00,2025-05-14 14:00:00,107,3,1,0,0,25441905
2,2,12587,3,845,103,2025-05-06 07:00:00,2025-05-06 15:00:00,107,4,3,0,0,25494121
1,2,114,31,462,82,2025-05-06 05:00:00,2025-05-06 10:00:00,63,1,1,0,0,26971718
1,1,12587,11,1056,225,2025-05-14 04:00:00,2025-05-14 12:00:00,0,1,1,0,0,26395078
1,2,2,27,510,143,2025-05-04 07:00:00,2025-05-04 16:00:00,108,1,1,0,0,26411572
0,0,187,60,81,163,2025-05-16 16:00:00,2025-05-16 18:00:00,108,4,3,0,0,25646197
1,3,114,54,561,230,2025-05-15 20:00:00,2025-05-15 23:00:00,109,1,2,0,0,27848676
0,2,12308,17,899,227,2025-05-17 22:00:00,2025-05-18 04:00:00,15,1,2,0,0,27949870
2,3,236,6,465,215,2025-05-14 20:00:00,2025-05-15 05:00:00,21,4,2,0,0,27694936
1,0,12308,35,881,82,2025-05-08 06:00:00,2025-05-08 14:00:00,107,3,2,0,0,27867152
0,2,114,1,150,238,2025-05-07 00:00:00,2025-05-07 06:00:00,21,1,2,0,0,27191634
0,1,13056,62,663,225,2025-05-06 05:00:00,2025-05-06 10:00:00,13,3,2,0,0,26966635
1,3,12306,59,162,163,2025-05-08 13:00:00,2025-05-08 16:00:00,63,1,1,0,0,27054195
2,0,12544,37,481,197,2025-05-10 02:00:00,2025-05-10 06:00:00,63,3,1,0,0,26640269
2,3,14102,58,832,265,2025-05-12 13:00:00,2025-05-12 20:00:00,0,3,1,0,0,26034439
2,2,1,54,621,161,2025-05-04 10:00:00,2025-05-04 17:00:00,108,4,3,0,0,26150425
0,2,186,36,622,209,2025-05-18 14:00:00,2025-05-18 17:00:00,0,4,3,0,0,27230653
0,1,13056,29,361,103,2025-05-06 20:00:00,2025-05-07 00:00:00,21,1,3,0,0,26769587
0,0,12587,14,702,204,2025-05-14 21:00:00,2025-05-15 00:00:00,108,1,2,0,0,27769107
0,0,14102,13,858,199,2025-05-04 22:00:00,2025-05-05 00:00:00,0,4,1,0,0,27724533
2,1,12306,58,865,65,2025-05-16 04:00:00,2025-05-16 10:00:00,21,1,3,0,0,27858288
1,1,13987,34,149,128,2025-05-09 01:00:00,2025-05-09 08:00:00,13,1,1,0,0,27271986
0,0,4,15,328,188,2025-05-05 13:00:00,2025-05-05 17:00:00,109,4,2,0,0,26274831
0,3,12301,44,923,192,2025-05-03 03:00:00,2025-05-03 08:00:00,15,3,1,0,0,25432463
2,3,13933,2,537,229,2025-05-05 06:00:00,2025-05-05 14:00:00,109,1,2,0,0,25452535
1,1,14102,0,933,163,2025-05-05 04:00:00,2025-05-05 13:00:00,13,4,3,0,0,25387834
1,3,186,54,614,97,2025-05-06 21:00:00,2025-05-07 04:00:00,109,1,2,0,0,26890259
2,0,1,54,858,238,2025-05-09 08:00:00,2025-05-09 09:00:00,107,1,2,0,0,26997627
2,2,25,7,74,215,2025-05-14 06:00:00,2025-05-14 09:00:00,107,4,1,0,0,25761194
1,2,25,62,921,54,2025-05-09 06:00:00,2025-05-09 11:00:00,107,4,2,0,0,27834188
0,3,199,46,895,232,2025-05-12 19:00:00,2025-05-12 22:00:00,21,1,3,0,0,26997627
1,1,12956,41,62,181,2025-05-10 00:00:00,2025-05-10 01:00:00,107,1,3,0,0,25842968
2,1,119,20,843,115,2025-05-02 21:00:00,2025-05-02 23:00:00,63,3,2,0,0,25433521
0,1,1,33,1046,166,2025-05-02 03:00:00,2025-05-02 11:00:00,63,3,1,0,0,25547976
0,1,25,1,791,134,2025-05-01 01:00:00,2025-05-01 08:00:00,108,4,3,0,0,25722331
2,1,236,32,923,181,2025-05-16 22:00:00,2025-05-17 01:00:00,12,1,3,0,0,25323509
2,3,32,10,611,197,2025-05-01 16:00:00,2025-05-01 20:00:00,13,4,2,0,0,26952360
2,2,13933,45,471,110,2025-05-14 02:00:00,2025-05-14 05:00:00,63,4,2,0,0,25673329
1,2,1,36,577,189,2025-05-17 03:00:00,2025-05-17 07:00:00,15,1,3,0,0,27109267
1,3,2,48,968,104,2025-05-04 04:00:00,2025-05-04 12:00:00,108,3,2,0,0,27814746
0,1,12545,4,332,197,2025-05-17 02:00:00,2025-05-17 11:00:00,13,4,2,0,0,27531539
2,3,13933,58,892,82,2025-05-16 10:00:00,2025-05-16 17:00:00,13,4,3,0,0,26232182
0,2,12544,31,765,227,2025-05-07 20:00:00,2025-05-08 05:00:00,12,1,1,0,0,27784772
0,0,12306,57,614,232,2025-05-05 00:00:00,2025-05-05 09:00:00,109,3,1,0,0,27731291
0,3,12544,0,872,101,2025-05-05 08:00:00,2025-05-05 15:00:00,109,3,3,0,0,25432492
0,1,327,65,872,163,2025-05-01 23:00:00,2025-05-02 06:00:00,0,1,2,0,0,27839564
2,2,187,30,63,225,2025-05-09 07:00:00,2025-05-09 15:00:00,0,4,3,0,0,25673329
0,2,14152,43,563,106,2025-05-02 10:00:00,2025-05-02 13:00:00,108,1,3,0,0,27909994
2,2,299,66,511,233,2025-05-01 01:00:00,2025-05-01 09:00:00,0,1,2,0,0,27263873
2,2,13056,47,1075,221,2025-05-13 00:00:00,2025-05-13 01:00:00,0,3,1,0,0,26033892
1,1,32,46,79,142,2025-05-14 19:00:00,2025-05-15 01:00:00,109,4,1,0,0,27923098
2,0,25,45,773,143,2025-05-15 05:00:00,2025-05-15 07:00:00,0,4,2,0,0,27813751
1,2,12580,22,898,188,2025-05-06 17:00:00,2025-05-07 00:00:00,63,3,3,0,0,27840285
2,3,12301,66,632,196,2025-05-15 00:00:00,2025-05-15 03:00:00,15,4,2,0,0,25306115
2,0,12580,10,580,183,2025-05-03 13:00:00,2025-05-03 18:00:00,63,4,3,0,0,27879196
2,2,12350,44,293,101,2025-05-13 10:00:00,2025-05-13 12:00:00,12,1,2,0,0,27465554
1,0,13142,10,898,103,2025-05-09 04:00:00,2025-05-09 05:00:00,63,1,2,0,0,26079310
1,3,12545,12,537,265,2025-05-16 16:00:00,2025-05-16 21:00:00,108,1,1,0,0,25558232
0,2,12305,0,672,162,2025-05-03 10:00:00,2025-05-03 19:00:00,0,4,1,0,0,27909994
1,3,236,26,893,103,2025-05-12 00:00:00,2025-05-12 09:00:00,0,4,2,0,0,25422695
1,1,4,49,889,142,2025-05-14 20:00:00,2025-05-15 03:00:00,21,4,2,0,0,27422220
1,2,12308,28,47,225,2025-05-08 19:00:00,2025-05-09 04:00:00,12,4,1,0,0,27776052
1,2,12580,8,381,82,2025-05-03 14:00:00,2025-05-03 18:00:00,63,3,3,0,0,27835253
0,2,13552,1,479,97,2025-05-13 19:00:00,2025-05-13 22:00:00,21,3,1,0,0,27902565
1,2,13933,18,1006,97,2025-05-12 14:00:00,2025-05-12 18:00:00,13,4,3,0,0,27824690
2,1,12545,49,34,244,2025-05-02 05:00:00,2025-05-02 12:00:00,15,1,1,0,0,27126314
2,2,12587,60,1010,193,2025-05-08 02:00:00,2025-05-08 10:00:00,15,1,1,0,0,27685743
1,0,13552,53,328,207,2025-05-01 20:00:00,2025-05-01 22:00:00,109,3,3,0,0,25596775
1,2,12587,22,968,201,2025-05-13 10:00:00,2025-05-13 15:00:00,0,3,2,0,0,27750893
2,1,12926,1,406,265,2025-05-09 08:00:00,2025-05-09 13:00:00,109,4,1,0,0,26572191
2,2,114,62,363,183,2025-05-06 14:00:00,2025-05-06 23:00:00,12,4,1,0,0,26299789
0,0,2,8,1044,186,2025-05-12 07:00:00,2025-05-12 10:00:00,12,4,1,0,0,25572243
2,1,114,3,462,101,2025-05-01 22:00:00,2025-05-02 04:00:00,13,4,2,0,0,27759203
2,1,199,60,643,110,2025-05-04 14:00:00,2025-05-04 19:00:00,108,4,1,0,0,27891607
1,0,12587,53,1,106,2025-05-02 06:00:00,2025-05-02 08:00:00,12,1,2,0,0,26740271
2,0,13203,14,947,142,2025-05-06 00:00:00,2025-05-06 02:00:00,12,1,1,0,0,26132147
0,0,12956,9,183,201,2025-05-03 20:00:00,2025-05-04 00:00:00,12,4,3,0,0,27452025
2,0,327,57,340,215,2025-05-06 13:00:00,2025-05-06 17:00:00,15,1,1,0,0,26031386
1,0,1,13,856,230,2025-05-16 10:00:00,2025-05-16 17:00:00,108,4,1,0,0,27768762
1,1,13142,32,0,216,2025-05-14 02:00:00,2025-05-14 03:00:00,108,4,2,0,0,26466735
2,1,25,27,1040,205,2025-05-18 03:00:00,2025-05-18 09:00:00,107,3,2,0,0,27421759
1,2,4,0,893,55,2025-05-07 01:00:00,2025-05-07 10:00:00,63,1,2,0,0,27847107
0,2,32,12,1056,185,2025-05-14 20:00:00,2025-05-14 22:00:00,0,1,3,0,0,27017981
0,3,14152,33,251,221,2025-05-17 09:00:00,2025-05-17 14:00:00,12,3,3,0,0,25404205
2,2,235,57,375,117,2025-05-11 22:00:00,2025-05-12 02:00:00,12,1,2,0,0,27421222
2,2,13933,3,947,244,2025-05-13 04:00:00,2025-05-13 08:00:00,107,3,3,0,0,27839564
2,0,12308,28,183,186,2025-05-18 20:00:00,2025-05-19 04:00:00,0,1,2,0,0,25766513
1,0,12580,31,89,223,2025-05-04 13:00:00,2025-05-04 19:00:00,108,4,3,0,0,27465554
0,2,199,9,921,257,2025-05-01 15:00:00,2025-05-01 22:00:00,13,3,2,0,0,27045281
0,3,13552,64,940,82,2025-05-09 23:00:00,2025-05-10 08:00:00,15,4,2,0,0,25837206
1,0,13552,62,553,142,2025-05-05 19:00:00,2025-05-05 22:00:00,12,4,3,0,0,26909446
0,2,12307,23,201,142,2025-05-05 21:00:00,2025-05-05 23:00:00,12,1,1,0,0,26677496
2,2,13056,37,368,166,2025-05-12 05:00:00,2025-05-12 08:00:00,13,3,2,0,0,27465554
2,1,12301,58,901,110,2025-05-17 10:00:00,2025-05-17 18:00:00,21,4,2,0,0,27213273
2,3,13933,48,398,215,2025-05-15 06:00:00,2025-05-15 15:00:00,0,4,1,0,0,27731128
0,1,63604,16,881,209,2025-05-07 17:00:00,2025-05-07 22:00:00,107,3,2,0,0,26993693
2,3,186,20,695,232,2025-05-08 19:00:00,2025-05-09 03:00:00,107,1,2,0,0,25801149
1,0,13987,25,833,123,2025-05-05 07:00:00,2025-05-05 14:00:00,109,4,3,0,0,27814135
1,3,13142,56,893,204,2025-05-06 20:00:00,2025-05-07 05:00:00,15,1,1,0,0,27547329
0,2,12545,9,1006,198,2025-05-07 22:00:00,2025-05-08 02:00:00,0,3,2,0,0,25596775
1,2,14152,6,49,66,2025-05-13 11:00:00,2025-05-13 14:00:00,12,1,2,0,0,27964539
1,3,299,51,1016,221,2025-05-02 03:00:00,2025-05-02 12:00:00,21,3,1,0,0,25412278
0,3,187,34,662,142,2025-05-18 15:00:00,2025-05-18 23:00:00,13,1,1,0,0,27042990
2,3,236,61,899,267,2025-05-12 07:00:00,2025-05-12 14:00:00,109,1,3,0,0,26498407
2,1,186,48,1044,183,2025-05-03 01:00:00,2025-05-03 02:00:00,15,4,3,0,0,25552631
2,3,13552,26,572,181,2025-05-16 10:00:00,2025-05-16 12:00:00,15,1,3,0,0,25942012
0,0,12301,17,161,216,2025-05-07 11:00:00,2025-05-07 20:00:00,63,4,2,0,0,27326292
1,1,12587,41,446,60,2025-05-14 11:00:00,2025-05-14 16:00:00,0,3,1,0,0,26971718
2,1,12587,57,885,221,2025-05-15 11:00:00,2025-05-15 12:00:00,21,3,3,0,0,25855411
2,3,13203,60,1054,216,2025-05-06 00:00:00,2025-05-06 09:00:00,108,4,1,0,0,26510676
0,0,186,24,600,216,2025-05-06 19:00:00,2025-05-06 20:00:00,13,1,2,0,0,27835242
2,1,12587,14,722,216,2025-05-01 15:00:00,2025-05-01 23:00:00,109,3,2,0,0,27902478
0,2,13142,32,858,142,2025-05-13 20:00:00,2025-05-14 01:00:00,12,3,1,0,0,26034439
1,1,13987,29,840,238,2025-05-03 00:00:00,2025-05-03 06:00:00,107,3,1,0,0,26924605
0,3,327,54,963,209,2025-05-07 19:00:00,2025-05-07 20:00:00,109,4,3,0,0,27193826
0,0,13987,56,125,167,2025-05-03 13:00:00,2025-05-03 15:00:00,15,3,1,0,0,25914419
0,3,32,17,799,169,2025-05-15 03:00:00,2025-05-15 10:00:00,12,3,3,0,0,27126605
0,2,13933,46,571,188,2025-05-07 09:00:00,2025-05-07 11:00:00,13,3,1,0,0,27410074
1,2,236,38,781,117,2025-05-13 23:00:00,2025-05-14 04:00:00,21,3,1,0,0,26904089
1,2,187,44,840,203,2025-05-16 15:00:00,2025-05-17 00:00:00,108,4,1,0,0,27129831
2,3,32,1,839,183,2025-05-15 09:00:00,2025-05-15 14:00:00,12,4,2,0,0,25645958
1,1,12587,45,928,97,2025-05-07 05:00:00,2025-05-07 08:00:00,12,1,2,0,0,27765548
1,3,13987,55,1022,203,2025-05-16 15:00:00,2025-05-16 21:00:00,15,3,2,0,0,27410074
2,0,25,4,171,225,2025-05-04 00:00:00,2025-05-04 07:00:00,0,4,3,0,0,27514202
1,1,187,53,928,104,2025-05-03 20:00:00,2025-05-04 04:00:00,15,1,3,0,0,25429731
0,2,119,14,863,207,2025-05-08 08:00:00,2025-05-08 11:00:00,109,1,2,0,0,26857914
0,3,13142,17,479,194,2025-05-15 17:00:00,2025-05-15 21:00:00,108,3,2,0,0,25756772
2,2,119,6,765,198,2025-05-01 01:00:00,2025-05-01 05:00:00,107,1,1,0,0,27042888
2,2,12580,66,832,215,2025-05-13 20:00:00,2025-05-13 22:00:00,109,4,1,0,0,26728559
2,0,299,37,947,188,2025-05-05 22:00:00,2025-05-06 05:00:00,108,1,3,0,0,26030116
0,1,4,29,933,110,2025-05-01 06:00:00,2025-05-01 10:00:00,21,1,3,0,0,25842968
1,0,236,12,965,55,2025-05-11 14:00:00,2025-05-11 18:00:00,15,4,1,0,0,26697729
0,0,236,11,924,223,2025-05-17 19:00:00,2025-05-18 03:00:00,108,1,3,0,0,27841036
2,0,236,31,695,117,2025-05-18 05:00:00,2025-05-18 11:00:00,0,1,2,0,0,27193826
1,2,114,52,689,223,2025-05-04 02:00:00,2025-05-04 08:00:00,63,1,1,0,0,26524119
1,0,235,5,658,202,2025-05-15 14:00:00,2025-05-15 23:00:00,107,1,1,0,0,26998557
0,0,13933,51,361,162,2025-05-09 02:00:00,2025-05-09 06:00:00,21,3,3,0,0,25942879
2,1,13552,33,703,230,2025-05-08 18:00:00,2025-05-09 03:00:00,12,3,1,0,0,25403872
0,1,236,65,881,215,2025-05-01 02:00:00,2025-05-01 03:00:00,15,4,1,0,0,26051714
1,0,12306,54,975,244,2025-05-08 15:00:00,2025-05-09 00:00:00,109,1,2,0,0,26656130
0,1,13203,27,268,134,2025-05-14 22:00:00,2025-05-14 23:00:00,63,4,1,0,0,25645958
0,1,119,44,406,161,2025-05-12 08:00:00,2025-05-12 15:00:00,15,3,1,0,0,27677215
2,0,236,62,699,233,2025-05-16 07:00:00,2025-05-16 13:00:00,13,1,1,0,0,27811643
2,2,12926,35,940,206,2025-05-03 03:00:00,2025-05-03 10:00:00,15,1,1,0,0,25758493
1,0,13552,26,762,193,2025-05-11 22:00:00,2025-05-12 07:00:00,13,3,2,0,0,27769045
0,1,14152,50,930,145,2025-05-16 07:00:00,2025-05-16 11:00:00,12,1,1,0,0,27755582
0,2,12544,39,835,221,2025-05-06 12:00:00,2025-05-06 21:00:00,21,1,2,0,0,27891316
0,3,199,0,364,208,2025-05-10 08:00:00,2025-05-10 11:00:00,107,3,2,0,0,25390877
1,2,12926,60,351,110,2025-05-13 21:00:00,2025-05-14 06:00:00,15,4,2,0,0,27712946
1,1,4,25,922,183,2025-05-03 12:00:00,2025-05-03 13:00:00,12,4,3,0,0,26510273
2,2,12926,31,925,197,2025-05-16 04:00:00,2025-05-16 09:00:00,63,1,3,0,0,25315828
2,0,2,8,142,230,2025-05-01 15:00:00,2025-05-01 20:00:00,0,3,1,0,0,26236232
2,3,13417,31,929,193,2025-05-10 12:00:00,2025-05-10 13:00:00,108,4,2,0,0,26057310
0,3,119,6,572,196,2025-05-09 02:00:00,2025-05-09 03:00:00,12,4,3,0,0,25395141
0,3,13142,41,462,238,2025-05-11 10:00:00,2025-05-11 13:00:00,63,1,1,0,0,25351406
2,1,13933,7,780,129,2025-05-13 14:00:00,2025-05-13 23:00:00,13,4,3,0,0,27902565
0,1,236,36,928,104,2025-05-02 23:00:00,2025-05-03 06:00:00,12,3,2,0,0,27451743
2,3,199,9,917,115,2025-05-10 18:00:00,2025-05-11 00:00:00,12,4,1,0,0,25356894
1,2,12587,59,665,167,2025-05-06 00:00:00,2025-05-06 09:00:00,107,3,2,0,0,25865600
2,3,12350,52,838,54,2025-05-14 07:00:00,2025-05-14 11:00:00,13,3,2,0,0,26276201
1,2,12587,23,1,181,2025-05-03 01:00:00,2025-05-03 05:00:00,15,1,3,0,0,25771925
0,2,12307,61,853,216,2025-05-02 16:00:00,2025-05-02 19:00:00,109,4,1,0,0,26682170
2,1,12580,63,69,203,2025-05-01 21:00:00,2025-05-02 02:00:00,0,1,1,0,0,27721648
0,2,4,11,762,202,2025-05-16 10:00:00,2025-05-16 15:00:00,15,4,1,0,0,25737224
1,3,63604,27,1041,115,2025-05-08 13:00:00,2025-05-08 20:00:00,108,1,3,0,0,26909447
1,1,4,47,963,188,2025-05-01 04:00:00,2025-05-01 11:00:00,12,1,1,0,0,26916859
1,0,63604,42,782,244,2025-05-07 00:00:00,2025-05-07 06:00:00,21,1,3,0,0,26782679
0,0,12545,32,614,205,2025-05-15 20:00:00,2025-05-16 00:00:00,12,4,1,0,0,27814746
0,1,12307,28,986,117,2025-05-04 05:00:00,2025-05-04 12:00:00,13,1,3,0,0,27656301
0,3,1,12,161,165,2025-05-10 14:00:00,2025-05-10 16:00:00,107,3,1,0,0,27919520
0,0,13987,10,783,145,2025-05-13 08:00:00,2025-05-13 17:00:00,12,4,3,0,0,27676142
1,0,13203,11,1058,110,2025-05-15 11:00:00,2025-05-15 18:00:00,108,3,2,0,0,27796748
1,2,14152,61,859,161,2025-05-09 16:00:00,2025-05-09 18:00:00,12,1,2,0,0,25556377
2,2,186,32,580,183,2025-05-07 18:00:00,2025-05-07 20:00:00,15,1,2,0,0,27852905
2,3,13552,44,780,129,2025-05-07 23:00:00,2025-05-08 05:00:00,109,3,1,0,0,26126699
0,1,14152,41,21,193,2025-05-12 13:00:00,2025-05-12 20:00:00,21,1,3,0,0,25508462
1,3,13987,29,885,161,2025-05-10 20:00:00,2025-05-11 05:00:00,108,4,2,0,0,25687495
1,1,299,29,510,185,2025-05-08 07:00:00,2025-05-08 11:00:00,108,3,1,0,0,25751942
1,0,12305,0,363,203,2025-05-03 04:00:00,2025-05-03 12:00:00,13,4,3,0,0,27042990
2,2,12580,42,301,201,2025-05-15 12:00:00,2025-05-15 14:00:00,108,4,2,0,0,27721695
2,3,327,22,23,54,2025-05-01 09:00:00,2025-05-01 15:00:00,21,4,2,0,0,25341435
1,3,12580,8,772,104,2025-05-07 01:00:00,2025-05-07 05:00:00,15,1,1,0,0,26982100
1,1,32,19,1048,205,2025-05-10 10:00:00,2025-05-10 18:00:00,109,1,3,0,0,27543792
1,1,327,55,81,55,2025-05-10 19:00:00,2025-05-11 04:00:00,63,3,1,0,0,25592419
2,3,14102,46,930,204,2025-05-11 01:00:00,2025-05-11 03:00:00,12,3,2,0,0,26572191
1,1,186,28,929,186,2025-05-13 16:00:00,2025-05-13 23:00:00,108,4,1,0,0,26279987
1,3,236,35,295,188,2025-05-03 22:00:00,2025-05-04 05:00:00,107,1,1,0,0,26204157
0,3,186,12,293,232,2025-05-07 13:00:00,2025-05-07 21:00:00,15,1,2,0,0,26716448
0,3,12580,61,969,196,2025-05-01 18:00:00,2025-05-01 23:00:00,63,1,2,0,0,25388121
2,0,32,59,74,229,2025-05-03 06:00:00,2025-05-03 09:00:00,13,3,3,0,0,27189111
1,1,2,65,799,258,2025-05-09 22:00:00,2025-05-09 23:00:00,15,1,3,0,0,27926861
1,2,299,14,576,207,2025-05-09 16:00:00,2025-05-09 20:00:00,21,4,2,0,0,27415616
0,2,186,16,922,111,2025-05-01 20:00:00,2025-05-01 23:00:00,12,4,2,0,0,27841327
2,1,13203,9,410,161,2025-05-12 17:00:00,2025-05-12 19:00:00,15,4,3,0,0,25470530
0,3,327,27,767,166,2025-05-11 08:00:00,2025-05-11 14:00:00,0,1,1,0,0,26877870
0,2,32,65,177,166,2025-05-02 03:00:00,2025-05-02 10:00:00,12,4,2,0,0,25552402
0,2,13552,17,679,55,2025-05-18 14:00:00,2025-05-18 21:00:00,0,4,2,0,0,26114607
0,1,327,46,831,165,2025-05-18 08:00:00,2025-05-18 16:00:00,108,3,1,0,0,25669371
1,2,12580,66,47,205,2025-05-13 07:00:00,2025-05-13 09:00:00,107,3,3,0,0,26699438
1,3,4,56,419,125,2025-05-09 18:00:00,2025-05-10 00:00:00,15,1,3,0,0,26627372
0,1,119,55,1040,125,2025-05-12 20:00:00,2025-05-13 02:00:00,12,1,1,0,0,26327677
2,3,4,56,49,225,2025-05-01 19:00:00,2025-05-01 20:00:00,13,1,2,0,0,26682111
2,2,114,29,201,193,2025-05-01 19:00:00,2025-05-01 21:00:00,0,1,1,0,0,25658513
2,2,13417,32,242,227,2025-05-14 17:00:00,2025-05-15 02:00:00,109,1,2,0,0,26462299
2,3,13056,59,840,145,2025-05-17 11:00:00,2025-05-17 19:00:00,12,3,3,0,0,25404180
0,0,235,40,965,202,2025-05-05 23:00:00,2025-05-06 03:00:00,107,3,2,0,0,26982100
1,2,13552,53,1014,201,2025-05-05 00:00:00,2025-05-05 06:00:00,15,3,2,0,0,27955025
2,0,14152,59,940,161,2025-05-05 23:00:00,2025-05-06 01:00:00,12,4,2,0,0,25766513
0,2,2,16,904,129,2025-05-02 00:00:00,2025-05-02 05:00:00,15,4,2,0,0,27867152
2,0,13417,61,398,1,2025-05-07 08:00:00,2025-05-07 10:00:00,21,3,2,0,0,25799090
2,0,12306,22,1035,54,2025-05-11 04:00:00,2025-05-11 09:00:00,0,3,3,0,0,26857613
0,0,12956,26,967,62,2025-05-11 19:00:00,2025-05-12 02:00:00,12,1,1,0,0,27856870
1,3,2,56,333,134,2025-05-01 03:00:00,2025-05-01 10:00:00,12,3,3,0,0,27813751
1,0,2,3,891,198,2025-05-17 08:00:00,2025-05-17 17:00:00,107,1,2,0,0,27631237
0,0,13142,35,142,185,2025-05-06 22:00:00,2025-05-07 01:00:00,107,3,1,0,0,27852905
1,0,12956,23,50,194,2025-05-12 17:00:00,2025-05-12 21:00:00,13,1,2,0,0,25513556
0,2,12350,63,256,207,2025-05-14 22:00:00,2025-05-15 07:00:00,15,3,3,0,0,27553292
0,0,32,25,939,188,2025-05-15 09:00:00,2025-05-15 17:00:00,63,1,3,0,0,27736822
0,2,12306,32,316,165,2025-05-10 03:00:00,2025-05-10 10:00:00,107,4,2,0,0,27862074
1,0,13987,37,850,225,2025-05-14 14:00:00,2025-05-14 22:00:00,63,4,2,0,0,25594349
0,0,12308,35,1006,103,2025-05-07 15:00:00,2025-05-08 00:00:00,108,1,1,0,0,27746799
2,3,12308,42,585,163,2025-05-04 03:00:00,2025-05-04 07:00:00,63,1,1,0,0,26097630
1,2,199,48,782,163,2025-05-05 02:00:00,2025-05-05 07:00:00,0,4,2,0,0,25399150
1,0,12306,37,239,194,2025-05-08 11:00:00,2025-05-08 20:00:00,12,3,1,0,0,27722100
1,2,13552,56,772,227,2025-05-06 06:00:00,2025-05-06 13:00:00,107,1,2,0,0,27748060
1,2,12307,35,1007,192,2025-05-02 07:00:00,2025-05-02 11:00:00,12,3,2,0,0,27907672
2,1,14102,15,789,183,2025-05-12 00:00:00,2025-05-12 06:00:00,21,4,2,0,0,25855411
1,3,13933,63,580,194,2025-05-14 21:00:00,2025-05-14 22:00:00,107,4,3,0,0,27762534
1,3,12956,26,672,117,2025-05-01 12:00:00,2025-05-01 13:00:00,107,1,2,0,0,25554901
0,3,13056,33,916,104,2025-05-16 19:00:00,2025-05-17 04:00:00,109,3,2,0,0,27615586
1,1,13417,66,1035,203,2025-05-18 19:00:00,2025-05-19 03:00:00,12,4,2,0,0,27800340
2,1,25,63,973,201,2025-05-15 15:00:00,2025-05-15 16:00:00,107,3,1,0,0,25306349
2,3,1,63,838,117,2025-05-15 02:00:00,2025-05-15 04:00:00,21,4,2,0,0,26419887
2,1,2,41,727,60,2025-05-18 05:00:00,2025-05-18 09:00:00,21,1,3,0,0,27623866
2,1,235,5,164,97,2025-05-17 15:00:00,2025-05-17 16:00:00,0,3,3,0,0,26408670
1,1,63604,19,858,198,2025-05-17 11:00:00,2025-05-17 13:00:00,15,3,2,0,0,26840122
1,3,13987,60,971,181,2025-05-09 09:00:00,2025-05-09 14:00:00,107,1,2,0,0,26641271
2,3,13933,65,563,194,2025-05-01 17:00:00,2025-05-02 01:00:00,21,1,2,0,0,26971771
2,3,12305,11,889,55,2025-05-17 12:00:00,2025-05-17 18:00:00,21,1,3,0,0,26498407
1,1,13933,15,920,55,2025-05-04 20:00:00,2025-05-05 02:00:00,0,1,1,0,0,27885753
2,3,12301,31,551,101,2025-05-12 15:00:00,2025-05-12 19:00:00,109,4,1,0,0,27694936
0,1,13056,8,517,267,2025-05-15 21:00:00,2025-05-15 23:00:00,15,3,2,0,0,27851980
2,0,2,59,1006,129,2025-05-17 11:00:00,2025-05-17 14:00:00,13,4,1,0,0,26909782
2,1,12544,37,902,215,2025-05-14 03:00:00,2025-05-14 09:00:00,107,1,3,0,0,27199383
0,2,12307,48,920,193,2025-05-03 11:00:00,2025-05-03 17:00:00,13,4,2,0,0,27791287
0,3,236,60,553,198,2025-05-09 21:00:00,2025-05-10 02:00:00,13,4,1,0,0,27827788
1,3,119,57,662,185,2025-05-05 03:00:00,2025-05-05 09:00:00,109,3,2,0,0,26577096
1,2,236,6,986,82,2025-05-01 00:00:00,2025-05-01 06:00:00,12,3,2,0,0,26583520
0,1,14102,48,930,216,2025-05-02 18:00:00,2025-05-02 19:00:00,63,3,3,0,0,27788578
0,0,12545,0,418,189,2025-05-13 22:00:00,2025-05-14 04:00:00,0,1,3,0,0,26334896
1,2,13142,44,1050,189,2025-05-07 23:00:00,2025-05-08 04:00:00,21,1,1,0,0,27452309
2,2,12308,40,782,188,2025-05-08 23:00:00,2025-05-09 07:00:00,21,3,3,0,0,26419887
0,1,13417,5,49,167,2025-05-02 09:00:00,2025-05-02 18:00:00,15,4,2,0,0,25774099
1,3,12580,44,977,196,2025-05-02 09:00:00,2025-05-02 15:00:00,109,3,3,0,0,25761194
2,1,13417,22,921,244,2025-05-08 07:00:00,2025-05-08 11:00:00,21,1,1,0,0,25856649
0,2,199,22,885,111,2025-05-18 08:00:00,2025-05-18 11:00:00,63,4,1,0,0,25508823
2,2,12350,13,537,145,2025-05-09 03:00:00,2025-05-09 04:00:00,13,1,1,0,0,25452535
1,3,12307,48,125,232,2025-05-07 13:00:00,2025-05-07 20:00:00,12,3,3,0,0,27513274
0,3,12580,5,925,199,2025-05-11 04:00:00,2025-05-11 09:00:00,21,3,3,0,0,27806748
2,3,13933,2,894,49,2025-05-16 05:00:00,2025-05-16 09:00:00,13,4,3,0,0,26411572
0,1,12587,52,572,205,2025-05-15 03:00:00,2025-05-15 12:00:00,21,3,3,0,0,26699438
2,3,4,1,536,1,2025-05-15 09:00:00,2025-05-15 16:00:00,107,1,3,0,0,27867152
1,2,1,44,873,145,2025-05-14 22:00:00,2025-05-15 06:00:00,108,1,1,0,0,25516874
1,2,13987,42,792,162,2025-05-03 22:00:00,2025-05-04 02:00:00,0,1,1,0,0,25528528
0,0,13552,34,125,233,2025-05-14 14:00:00,2025-05-14 22:00:00,0,4,3,0,0,26126699
2,1,63604,34,60,176,2025-05-05 17:00:00,2025-05-05 21:00:00,21,1,2,0,0,25627152
0,0,199,37,900,129,2025-05-12 20:00:00,2025-05-12 21:00:00,63,3,1,0,0,27712946
0,2,12308,46,478,54,2025-05-17 22:00:00,2025-05-18 06:00:00,109,4,2,0,0,26909447
2,0,186,43,631,227,2025-05-18 09:00:00,2025-05-18 10:00:00,15,1,2,0,0,25756772
2,2,187,33,361,128,2025-05-06 22:00:00,2025-05-07 01:00:00,63,1,1,0,0,27819523
2,0,186,6,779,215,2025-05-05 00:00:00,2025-05-05 07:00:00,109,3,2,0,0,27917604
1,3,32,41,1056,201,2025-05-13 20:00:00,2025-05-13 23:00:00,63,3,2,0,0,26877870
0,0,14152,5,931,219,2025-05-17 16:00:00,2025-05-18 00:00:00,107,4,1,0,0,27777386
0,3,12956,49,563,54,2025-05-14 07:00:00,2025-05-14 12:00:00,63,1,1,0,0,27213416
1,3,12306,52,478,204,2025-05-09 19:00:00,2025-05-09 22:00:00,15,1,3,0,0,27097234
2,1,12580,9,892,244,2025-05-14 04:00:00,2025-05-14 09:00:00,0,3,1,0,0,26530555
1,3,13987,3,618,162,2025-05-08 16:00:00,2025-05-08 21:00:00,63,4,2,0,0,26270627
1,3,12545,64,622,230,2025-05-09 12:00:00,2025-05-09 20:00:00,109,3,1,0,0,27635467
1,0,186,9,1050,196,2025-05-16 03:00:00,2025-05-16 12:00:00,12,3,3,0,0,26636892
0,2,12305,43,1022,166,2025-05-09 23:00:00,2025-05-10 05:00:00,109,4,1,0,0,25421275
1,1,12544,0,527,101,2025-05-11 05:00:00,2025-05-11 08:00:00,0,1,2,0,0,25471163
0,3,235,36,699,49,2025-05-10 22:00:00,2025-05-11 00:00:00,63,1,1,0,0,25755284
0,1,186,62,799,199,2025-05-13 04:00:00,2025-05-13 07:00:00,63,1,2,0,0,25552400
0,0,12580,59,266,128,2025-05-17 06:00:00,2025-05-17 15:00:00,63,4,1,0,0,26524119
2,3,32,58,970,104,2025-05-01 07:00:00,2025-05-01 14:00:00,21,4,3,0,0,26579190
0,0,25,33,772,198,2025-05-04 05:00:00,2025-05-04 14:00:00,107,4,3,0,0,27623866
0,1,13552,41,537,215,2025-05-14 11:00:00,2025-05-14 17:00:00,15,4,1,0,0,25715410
2,0,12587,21,160,199,2025-05-12 12:00:00,2025-05-12 20:00:00,107,4,2,0,0,26580880
0,1,32,37,873,258,2025-05-09 09:00:00,2025-05-09 18:00:00,12,3,3,0,0,27955423
1,0,186,4,689,197,2025-05-09 21:00:00,2025-05-10 00:00:00,0,1,2,0,0,26909447
1,1,12350,14,505,65,2025-05-04 21:00:00,2025-05-05 04:00:00,63,4,1,0,0,25737224
0,2,13933,48,666,197,2025-05-04 02:00:00,2025-05-04 11:00:00,108,1,3,0,0,25403872
2,0,12544,10,536,169,2025-05-07 12:00:00,2025-05-07 14:00:00,107,4,3,0,0,27189389
1,0,12926,48,894,267,2025-05-07 08:00:00,2025-05-07 15:00:00,13,1,2,0,0,26538397
2,2,13056,30,125,227,2025-05-06 21:00:00,2025-05-07 02:00:00,108,3,3,0,0,27856870
2,2,327,25,939,167,2025-05-04 05:00:00,2025-05-04 13:00:00,107,1,2,0,0,27834860
1,0,12305,33,381,227,2025-05-14 09:00:00,2025-05-14 13:00:00,13,1,2,0,0,25668011
2,2,12580,19,1041,202,2025-05-08 13:00:00,2025-05-08 14:00:00,0,4,1,0,0,27926861
1,3,4,66,686,197,2025-05-09 02:00:00,2025-05-09 10:00:00,63,1,2,0,0,26155868
2,1,14152,20,841,123,2025-05-07 13:00:00,2025-05-07 19:00:00,107,3,3,0,0,26591504
1,1,13552,46,576,165,2025-05-07 01:00:00,2025-05-07 09:00:00,63,3,2,0,0,25588670
0,1,236,12,1056,162,2025-05-03 05:00:00,2025-05-03 08:00:00,107,3,3,0,0,26481748
1,3,4,3,74,194,2025-05-15 19:00:00,2025-05-16 03:00:00,0,4,2,0,0,26972243
1,2,14102,2,901,197,2025-05-12 12:00:00,2025-05-12 20:00:00,13,4,1,0,0,26126518
1,2,12580,10,284,265,2025-05-13 20:00:00,2025-05-13 21:00:00,63,4,1,0,0,27697732
1,0,12350,34,328,216,2025-05-04 10:00:00,2025-05-04 14:00:00,108,4,2,0,0,27873956
2,2,14152,48,117,104,2025-05-17 15:00:00,2025-05-17 22:00:00,13,4,2,0,0,26699438
0,0,63604,25,565,208,2025-05-07 11:00:00,2025-05-07 12:00:00,108,3,2,0,0,26354420
1,3,13142,63,928,115,2025-05-01 03:00:00,2025-05-01 06:00:00,108,1,1,0,0,26394879
2,1,327,44,765,106,2025-05-13 22:00:00,2025-05-14 01:00:00,0,3,2,0,0,27547329
0,1,12587,65,308,129,2025-05-12 06:00:00,2025-05-12 12:00:00,15,4,2,0,0,27923098
0,1,1,11,941,111,2025-05-03 15:00:00,2025-05-03 20:00:00,15,3,3,0,0,27861967
0,2,63604,65,888,60,2025-05-05 15:00:00,2025-05-05 22:00:00,63,1,1,0,0,27657853
0,0,12545,2,686,232,2025-05-10 22:00:00,2025-05-11 01:00:00,12,4,1,0,0,26395082
1,0,13142,44,25,199,2025-05-06 23:00:00,2025-05-07 00:00:00,109,3,2,0,0,26276201
1,3,119,55,674,201,2025-05-16 13:00:00,2025-05-16 16:00:00,15,3,2,0,0,27928204
2,2,235,29,762,82,2025-05-01 19:00:00,2025-05-02 03:00:00,63,1,3,0,0,26982100
2,3,25,13,831,161,2025-05-03 15:00:00,2025-05-03 20:00:00,108,4,2,0,0,27764027
2,0,199,3,415,238,2025-05-13 00:00:00,2025-05-13 03:00:00,15,4,1,0,0,25881522
0,0,114,53,572,206,2025-05-04 08:00:00,2025-05-04 16:00:00,0,1,3,0,0,27964308
0,1,187,56,1014,61,2025-05-09 04:00:00,2025-05-09 10:00:00,63,1,1,0,0,26704585
1,2,12544,63,1028,189,2025-05-16 21:00:00,2025-05-17 00:00:00,109,1,2,0,0,25453304
0,0,2,40,406,128,2025-05-03 20:00:00,2025-05-04 01:00:00,107,1,3,0,0,27952128
0,1,299,45,410,66,2025-05-08 17:00:00,2025-05-08 18:00:00,12,4,1,0,0,25588220
0,2,14102,34,921,193,2025-05-07 22:00:00,2025-05-08 04:00:00,108,4,1,0,0,25457856
2,3,25,27,160,229,2025-05-09 12:00:00,2025-05-09 21:00:00,108,3,1,0,0,26034966
2,2,12956,42,947,60,2025-05-07 19:00:00,2025-05-08 02:00:00,107,3,2,0,0,27724897
1,2,13987,26,65,204,2025-05-04 21:00:00,2025-05-05 05:00:00,15,3,2,0,0,27952128
0,0,1,0,1041,205,2025-05-11 08:00:00,2025-05-11 14:00:00,107,4,2,0,0,25559777
0,0,12544,50,1046,54,2025-05-03 19:00:00,2025-05-04 00:00:00,108,4,2,0,0,26583520
1,2,12926,66,11,197,2025-05-15 06:00:00,2025-05-15 12:00:00,109,4,1,0,0,26982100
0,0,299,37,580,97,2025-05-01 20:00:00,2025-05-02 03:00:00,15,3,3,0,0,27765548
0,0,12926,7,858,215,2025-05-14 06:00:00,2025-05-14 15:00:00,63,1,2,0,0,27359528
2,0,32,50,943,181,2025-05-04 12:00:00,2025-05-04 20:00:00,108,1,3,0,0,27848553
1,1,12544,64,1052,183,2025-05-17 05:00:00,2025-05-17 10:00:00,107,1,1,0,0,25849249
1,1,236,61,580,166,2025-05-01 23:00:00,2025-05-02 06:00:00,108,1,2,0,0,25894761
1,2,63604,28,170,196,2025-05-05 14:00:00,2025-05-05 22:00:00,108,1,1,0,0,27637427
1,0,13203,28,1044,204,2025-05-15 14:00:00,2025-05-15 15:00:00,109,4,2,0,0,26204157
2,1,12305,1,571,161,2025-05-04 10:00:00,2025-05-04 18:00:00,109,3,2,0,0,27914099
2,2,12350,33,316,233,2025-05-15 21:00:00,2025-05-16 04:00:00,21,1,3,0,0,25751942
0,0,13987,1,900,82,2025-05-04 05:00:00,2025-05-04 07:00:00,107,1,1,0,0,26529942
0,3,12308,20,969,125,2025-05-16 19:00:00,2025-05-16 21:00:00,0,1,1,0,0,25450066
0,0,114,58,477,207,2025-05-06 19:00:00,2025-05-07 01:00:00,107,4,1,0,0,25868833
0,0,1,22,904,60,2025-05-16 15:00:00,2025-05-16 18:00:00,109,1,3,0,0,25969354
2,1,13987,54,27,143,2025-05-12 06:00:00,2025-05-12 07:00:00,21,3,3,0,0,25323100
1,2,12545,8,762,185,2025-05-15 02:00:00,2025-05-15 10:00:00,15,4,1,0,0,27919322
2,2,13417,62,783,167,2025-05-18 15:00:00,2025-05-18 22:00:00,108,4,1,0,0,25556670
0,1,13417,13,949,115,2025-05-08 00:00:00,2025-05-08 04:00:00,12,4,2,0,0,25924283
2,0,12350,57,705,143,2025-05-09 04:00:00,2025-05-09 05:00:00,107,1,2,0,0,27004776
1,3,14152,13,323,207,2025-05-11 21:00:00,2025-05-11 23:00:00,107,1,3,0,0,27963307
1,0,236,52,887,143,2025-05-09 22:00:00,2025-05-10 07:00:00,13,1,2,0,0,26686783
2,0,13552,37,182,197,2025-05-03 18:00:00,2025-05-03 22:00:00,109,1,1,0,0,25452535
2,3,12545,20,920,199,2025-05-10 12:00:00,2025-05-10 15:00:00,12,3,1,0,0,25447149
2,1,12306,29,11,183,2025-05-07 16:00:00,2025-05-08 00:00:00,63,4,2,0,0,27102999
0,2,12306,32,302,202,2025-05-18 18:00:00,2025-05-18 22:00:00,13,1,2,0,0,25516299
2,1,4,45,117,229,2025-05-06 01:00:00,2025-05-06 08:00:00,0,3,3,0,0,26367665
2,1,12926,51,65,169,2025-05-07 04:00:00,2025-05-07 09:00:00,107,4,2,0,0,27883465
2,0,12306,61,711,111,2025-05-15 03:00:00,2025-05-15 08:00:00,21,4,3,0,0,26445907
1,2,12305,49,690,208,2025-05-09 00:00:00,2025-05-09 06:00:00,21,4,2,0,0,26641271
1,2,25,8,949,219,2025-05-10 14:00:00,2025-05-10 18:00:00,63,1,2,0,0,25687495
0,1,12306,0,991,125,2025-05-05 14:00:00,2025-05-05 16:00:00,13,4,2,0,0,27932017
0,3,1,27,576,55,2025-05-07 00:00:00,2025-05-07 06:00:00,13,1,2,0,0,26468536
1,1,13933,61,1015,104,2025-05-10 04:00:00,2025-05-10 09:00:00,21,3,1,0,0,25648675
1,3,327,26,940,62,2025-05-17 07:00:00,2025-05-17 10:00:00,21,4,1,0,0,27873337
1,2,14152,20,60,61,2025-05-03 15:00:00,2025-05-03 19:00:00,108,3,1,0,0,26262553
2,1,114,41,791,65,2025-05-06 05:00:00,2025-05-06 08:00:00,21,1,2,0,0,27685743
2,0,114,23,971,128,2025-05-10 01:00:00,2025-05-10 04:00:00,109,1,3,0,0,27871515
1,1,235,65,576,267,2025-05-12 19:00:00,2025-05-12 23:00:00,21,1,2,0,0,26477875
2,2,13933,48,967,192,2025-05-15 17:00:00,2025-05-15 19:00:00,13,4,1,0,0,25555825
2,0,299,52,977,145,2025-05-17 12:00:00,2025-05-17 16:00:00,108,4,3,0,0,26987350
0,0,327,39,510,199,2025-05-10 19:00:00,2025-05-10 21:00:00,0,3,3,0,0,25595006
1,3,12306,65,897,183,2025-05-01 12:00:00,2025-05-01 20:00:00,13,1,1,0,0,26972602
1,0,12545,43,911,209,2025-05-18 13:00:00,2025-05-18 18:00:00,21,3,2,0,0,25774099
2,0,14102,55,1041,125,2025-05-07 08:00:00,2025-05-07 15:00:00,21,1,3,0,0,27473674
1,1,327,26,1036,244,2025-05-10 22:00:00,2025-05-11 02:00:00,21,1,3,0,0,26549193
0,2,13552,45,23,145,2025-05-08 21:00:00,2025-05-09 03:00:00,108,3,1,0,0,27851980
0,3,12544,28,872,193,2025-05-07 06:00:00,2025-05-07 10:00:00,107,1,3,0,0,27193826
0,1,14102,33,722,54,2025-05-04 13:00:00,2025-05-04 19:00:00,108,3,3,0,0,26055860
1,0,13417,9,375,129,2025-05-01 20:00:00,2025-05-01 21:00:00,15,4,3,0,0,25424728
1,0,12580,17,25,192,2025-05-08 13:00:00,2025-05-08 19:00:00,109,3,2,0,0,27913693
1,3,12545,14,920,54,2025-05-14 06:00:00,2025-05-14 12:00:00,12,3,2,0,0,25869616
1,2,25,11,545,163,2025-05-07 13:00:00,2025-05-07 15:00:00,109,1,1,0,0,25410932
1,3,12926,23,333,205,2025-05-16 06:00:00,2025-05-16 15:00:00,21,3,2,0,0,27955594
0,1,12307,35,767,117,2025-05-04 03:00:00,2025-05-04 09:00:00,12,4,3,0,0,26216259
2,3,12350,20,385,183,2025-05-14 16:00:00,2025-05-14 23:00:00,0,4,2,0,0,26549193
0,0,12545,59,383,244,2025-05-18 07:00:00,2025-05-18 09:00:00,13,4,3,0,0,27965612
1,1,12580,48,792,145,2025-05-09 10:00:00,2025-05-09 12:00:00,107,4,3,0,0,26274831
0,0,235,3,467,49,2025-05-10 12:00:00,2025-05-10 14:00:00,108,3,2,0,0,27736029
1,2,14102,5,835,145,2025-05-07 07:00:00,2025-05-07 16:00:00,15,4,2,0,0,25942012
1,0,199,56,614,192,2025-05-11 22:00:00,2025-05-12 01:00:00,63,3,2,0,0,25459653
0,0,119,43,772,229,2025-05-03 23:00:00,2025-05-04 03:00:00,109,3,2,0,0,26779442
1,3,187,66,973,125,2025-05-10 08:00:00,2025-05-10 09:00:00,15,1,1,0,0,26489426
2,0,13987,39,1030,201,2025-05-17 00:00:00,2025-05-17 01:00:00,21,3,2,0,0,26967106
1,1,32,58,918,65,2025-05-06 10:00:00,2025-05-06 14:00:00,108,3,1,0,0,27042888
2,1,12350,30,576,125,2025-05-15 23:00:00,2025-05-16 01:00:00,108,1,3,0,0,26723779
2,2,32,40,1035,238,2025-05-02 03:00:00,2025-05-02 11:00:00,13,4,1,0,0,25713463
1,1,12307,50,899,161,2025-05-13 10:00:00,2025-05-13 14:00:00,12,4,3,0,0,27851980
0,3,12956,57,839,54,2025-05-05 00:00:00,2025-05-05 03:00:00,12,3,1,0,0,27895369
2,2,119,7,611,227,2025-05-02 21:00:00,2025-05-03 00:00:00,0,1,1,0,0,25582002
0,1,327,65,928,230,2025-05-01 00:00:00,2025-05-01 06:00:00,12,3,3,0,0,25384562
2,3,235,65,791,110,2025-05-07 21:00:00,2025-05-08 03:00:00,12,3,1,0,0,26057310
1,1,4,23,969,82,2025-05-11 04:00:00,2025-05-11 10:00:00,21,4,3,0,0,26411586
1,1,12350,44,689,183,2025-05-10 02:00:00,2025-05-10 08:00:00,21,1,2,0,0,25898139
2,0,12580,44,477,221,2025-05-05 05:00:00,2025-05-05 13:00:00,15,3,3,0,0,26577096
1,1,12308,5,505,257,2025-05-13 02:00:00,2025-05-13 10:00:00,108,4,1,0,0,26196773
2,1,12308,1,1035,66,2025-05-09 11:00:00,2025-05-09 20:00:00,108,3,2,0,0,26855733
1,3,199,54,545,198,2025-05-09 09:00:00,2025-05-09 10:00:00,108,4,1,0,0,25459653
0,3,32,17,917,225,2025-05-03 05:00:00,2025-05-03 13:00:00,15,1,2,0,0,27939783
1,0,2,26,571,257,2025-05-12 15:00:00,2025-05-12 20:00:00,63,3,3,0,0,27291824
0,1,12308,27,49,267,2025-05-18 03:00:00,2025-05-18 06:00:00,21,1,2,0,0,25351406
1,0,12307,1,317,198,2025-05-12 13:00:00,2025-05-12 16:00:00,15,4,2,0,0,25737224
0,1,2,18,1022,198,2025-05-01 15:00:00,2025-05-01 21:00:00,108,1,2,0,0,25432440
1,2,12305,56,118,192,2025-05-01 12:00:00,2025-05-01 20:00:00,21,1,1,0,0,27748060
0,2,187,62,183,197,2025-05-15 19:00:00,2025-05-15 21:00:00,107,1,2,0,0,27553292
2,0,187,12,887,125,2025-05-15 19:00:00,2025-05-16 04:00:00,12,3,3,0,0,25578368
2,0,187,20,900,205,2025-05-14 05:00:00,2025-05-14 10:00:00,21,4,3,0,0,26395082
0,0,327,48,340,186,2025-05-18 18:00:00,2025-05-18 23:00:00,21,1,3,0,0,26754137
1,3,14102,35,323,193,2025-05-04 14:00:00,2025-05-04 15:00:00,108,3,2,0,0,26098767
0,3,13203,31,893,238,2025-05-04 05:00:00,2025-05-04 11:00:00,109,4,3,0,0,25432440
1,3,13552,36,881,82,2025-05-18 07:00:00,2025-05-18 12:00:00,63,4,1,0,0,27851305
2,0,12544,48,561,162,2025-05-03 18:00:00,2025-05-04 01:00:00,21,4,3,0,0,27508311
1,1,299,45,937,169,2025-05-15 10:00:00,2025-05-15 17:00:00,15,1,2,0,0,25426914
2,2,13203,46,308,219,2025-05-09 18:00:00,2025-05-09 22:00:00,0,1,3,0,0,25606414
1,0,299,35,644,169,2025-05-09 21:00:00,2025-05-10 02:00:00,108,1,2,0,0,27914099
1,3,14152,51,1032,183,2025-05-08 16:00:00,2025-05-09 00:00:00,108,4,2,0,0,25799090
1,3,12956,32,937,229,2025-05-19 00:00:00,2025-05-19 02:00:00,109,4,3,0,0,26937221
0,0,12956,13,915,205,2025-05-02 08:00:00,2025-05-02 09:00:00,13,1,1,0,0,27674455
0,0,13552,2,782,192,2025-05-05 18:00:00,2025-05-06 00:00:00,0,1,1,0,0,27531539
2,3,12926,1,900,203,2025-05-12 10:00:00,2025-05-12 14:00:00,107,4,3,0,0,26580880
2,1,114,52,471,201,2025-05-18 11:00:00,2025-05-18 14:00:00,12,4,2,0,0,27790664
0,3,13203,18,898,202,2025-05-09 05:00:00,2025-05-09 12:00:00,13,3,3,0,0,27918362
2,3,12587,65,1015,65,2025-05-16 19:00:00,2025-05-17 03:00:00,21,3,2,0,0,27964673
0,0,12305,14,902,161,2025-05-06 22:00:00,2025-05-07 02:00:00,107,1,2,0,0,27530625
1,1,4,9,461,208,2025-05-10 11:00:00,2025-05-10 17:00:00,15,4,2,0,0,26315982
2,3,32,61,727,125,2025-05-05 23:00:00,2025-05-06 01:00:00,63,4,1,0,0,27721648
2,3,327,52,842,216,2025-05-15 16:00:00,2025-05-16 00:00:00,15,3,1,0,0,25412278
0,2,236,7,553,208,2025-05-01 23:00:00,2025-05-02 05:00:00,15,4,3,0,0,25931162
2,0,14152,34,481,103,2025-05-02 02:00:00,2025-05-02 11:00:00,15,1,1,0,0,26097630
2,2,13933,65,406,110,2025-05-19 00:00:00,2025-05-19 06:00:00,0,3,2,0,0,27883465
1,2,13552,65,780,54,2025-05-04 02:00:00,2025-05-04 08:00:00,108,4,2,0,0,26918309
2,3,13933,15,366,110,2025-05-11 00:00:00,2025-05-11 02:00:00,21,4,3,0,0,25405120
1,0,12350,30,301,202,2025-05-01 22:00:00,2025-05-02 03:00:00,12,1,2,0,0,25924283
0,1,12306,28,887,216,2025-05-07 16:00:00,2025-05-08 01:00:00,0,4,3,0,0,27627181
2,3,13552,64,1056,204,2025-05-02 16:00:00,2025-05-02 17:00:00,13,3,3,0,0,26944118
1,1,236,47,462,163,2025-05-10 21:00:00,2025-05-11 01:00:00,13,3,2,0,0,26515428
0,1,235,44,889,215,2025-05-10 22:00:00,2025-05-11 01:00:00,0,4,1,0,0,25931162
2,0,327,19,50,117,2025-05-03 07:00:00,2025-05-03 08:00:00,107,4,2,0,0,26581728
0,2,12956,40,332,233,2025-05-18 04:00:00,2025-05-18 05:00:00,0,4,2,0,0,27385024
2,0,1,59,293,163,2025-05-18 06:00:00,2025-05-18 07:00:00,0,4,3,0,0,25855411
0,1,12544,26,785,209,2025-05-05 01:00:00,2025-05-05 02:00:00,12,3,1,0,0,25842968
0,3,13552,10,799,61,2025-05-07 01:00:00,2025-05-07 03:00:00,12,1,3,0,0,27873076
1,1,12544,57,327,145,2025-05-11 21:00:00,2025-05-12 02:00:00,108,3,2,0,0,26542775
0,3,4,30,510,219,2025-05-02 15:00:00,2025-05-02 17:00:00,12,4,3,0,0,25440279
2,3,187,26,384,169,2025-05-09 00:00:00,2025-05-09 04:00:00,108,4,3,0,0,27677215
2,0,299,31,317,1,2025-05-10 22:00:00,2025-05-11 07:00:00,15,3,2,0,0,26031386
1,1,12956,12,920,257,2025-05-02 17:00:00,2025-05-02 20:00:00,107,3,3,0,0,27784772
2,2,14102,25,949,125,2025-05-10 05:00:00,2025-05-10 07:00:00,108,4,2,0,0,25856649
2,1,119,28,149,123,2025-05-09 03:00:00,2025-05-09 07:00:00,12,3,3,0,0,25846400
2,1,13142,3,585,181,2025-05-12 23:00:00,2025-05-13 08:00:00,0,4,1,0,0,27636908
0,2,12545,29,364,197,2025-05-01 09:00:00,2025-05-01 13:00:00,21,3,2,0,0,25306349
0,0,2,43,924,123,2025-05-10 18:00:00,2025-05-10 23:00:00,15,4,1,0,0,26366733
2,1,12301,65,0,208,2025-05-14 12:00:00,2025-05-14 16:00:00,109,3,3,0,0,26890259
1,1,4,22,924,82,2025-05-12 00:00:00,2025-05-12 08:00:00,13,4,1,0,0,25514719
0,3,199,8,837,145,2025-05-03 20:00:00,2025-05-04 00:00:00,108,1,1,0,0,26885327
1,1,14152,7,381,128,2025-05-06 18:00:00,2025-05-06 20:00:00,12,1,1,0,0,27927467
2,2,12926,19,117,267,2025-05-15 18:00:00,2025-05-15 22:00:00,15,3,3,0,0,25755284
2,3,25,10,937,186,2025-05-10 02:00:00,2025-05-10 04:00:00,13,1,2,0,0,25981710
0,0,299,16,571,208,2025-05-09 03:00:00,2025-05-09 12:00:00,109,4,3,0,0,26638141
2,3,14152,25,1056,257,2025-05-04 01:00:00,2025-05-04 09:00:00,0,3,3,0,0,26515821
0,2,12544,3,780,123,2025-05-05 06:00:00,2025-05-05 15:00:00,0,3,3,0,0,25528628
2,2,186,15,171,123,2025-05-10 08:00:00,2025-05-10 12:00:00,108,4,2,0,0,26538394
2,3,187,37,967,145,2025-05-06 02:00:00,2025-05-06 03:00:00,108,4,3,0,0,26423624
0,0,13987,26,939,233,2025-05-05 05:00:00,2025-05-05 08:00:00,12,4,3,0,0,25449120
0,3,235,57,265,206,2025-05-11 23:00:00,2025-05-12 06:00:00,21,3,2,0,0,27928893
0,0,14102,9,1015,233,2025-05-19 00:00:00,2025-05-19 01:00:00,12,4,2,0,0,27359528
2,3,187,32,893,232,2025-05-17 23:00:00,2025-05-18 07:00:00,107,1,2,0,0,26501008
2,2,63604,8,853,202,2025-05-07 16:00:00,2025-05-08 01:00:00,15,3,1,0,0,25876036
1,1,199,24,481,205,2025-05-10 16:00:00,2025-05-11 00:00:00,15,4,2,0,0,25399150
0,1,14102,41,537,207,2025-05-12 10:00:00,2025-05-12 15:00:00,0,3,1,0,0,25595168
2,0,327,6,340,60,2025-05-11 17:00:00,2025-05-12 02:00:00,63,1,1,0,0,26419887
2,0,299,64,900,219,2025-05-13 22:00:00,2025-05-14 02:00:00,12,1,3,0,0,26510676
0,0,13417,52,955,197,2025-05-06 18:00:00,2025-05-07 03:00:00,108,4,1,0,0,27109267
1,2,235,41,561,194,2025-05-10 10:00:00,2025-05-10 11:00:00,15,3,3,0,0,27509777
0,3,13552,65,1030,267,2025-05-12 08:00:00,2025-05-12 11:00:00,108,4,1,0,0,26997627
1,2,12350,44,765,197,2025-05-18 17:00:00,2025-05-18 21:00:00,12,3,2,0,0,26971684
2,1,12545,50,971,205,2025-05-14 04:00:00,2025-05-14 05:00:00,13,4,3,0,0,27798356
1,0,236,40,851,258,2025-05-17 02:00:00,2025-05-17 08:00:00,108,4,1,0,0,25354612
2,3,12580,11,893,104,2025-05-04 13:00:00,2025-05-04 17:00:00,63,3,3,0,0,26034466
0,1,12306,22,80,192,2025-05-13 02:00:00,2025-05-13 06:00:00,15,3,2,0,0,26728559
0,1,187,66,614,229,2025-05-10 00:00:00,2025-05-10 01:00:00,12,1,1,0,0,27894583
0,1,1,14,881,244,2025-05-15 22:00:00,2025-05-16 03:00:00,21,1,1,0,0,25876036
1,2,186,35,1075,204,2025-05-03 17:00:00,2025-05-04 02:00:00,21,3,2,0,0,25594349
2,0,327,3,1001,232,2025-05-11 16:00:00,2025-05-11 22:00:00,12,1,1,0,0,27923957
0,1,13987,32,920,49,2025-05-06 14:00:00,2025-05-06 22:00:00,21,1,1,0,0,27145579
0,0,299,39,903,258,2025-05-17 19:00:00,2025-05-17 23:00:00,15,3,3,0,0,27954229
2,2,119,65,971,221,2025-05-18 18:00:00,2025-05-19 03:00:00,13,3,1,0,0,25761194
0,1,14102,54,537,229,2025-05-16 14:00:00,2025-05-16 21:00:00,108,3,2,0,0,27741385
2,2,4,8,150,161,2025-05-17 05:00:00,2025-05-17 12:00:00,63,4,1,0,0,27723618
2,2,299,8,261,186,2025-05-03 06:00:00,2025-05-03 14:00:00,109,3,3,0,0,27855446
2,0,299,47,1037,169,2025-05-15 19:00:00,2025-05-15 21:00:00,15,3,1,0,0,27343039
2,1,12926,33,949,197,2025-05-11 02:00:00,2025-05-11 08:00:00,0,3,3,0,0,27569628
2,2,119,27,136,65,2025-05-11 11:00:00,2025-05-11 18:00:00,107,1,1,0,0,27386300
1,1,32,1,969,201,2025-05-01 20:00:00,2025-05-01 23:00:00,107,3,3,0,0,27522041
0,0,13142,3,177,232,2025-05-13 18:00:00,2025-05-14 02:00:00,15,1,3,0,0,27473674
1,2,32,28,853,227,2025-05-18 21:00:00,2025-05-18 22:00:00,12,4,1,0,0,25980946
0,0,12587,43,968,215,2025-05-07 18:00:00,2025-05-07 19:00:00,108,3,2,0,0,27508311
1,1,299,10,614,215,2025-05-15 19:00:00,2025-05-15 22:00:00,12,3,2,0,0,25981710
2,1,12305,10,505,244,2025-05-11 23:00:00,2025-05-12 05:00:00,12,1,1,0,0,25552402
0,0,13056,6,869,188,2025-05-03 19:00:00,2025-05-04 02:00:00,0,4,1,0,0,27697834
0,3,12350,37,840,62,2025-05-05 10:00:00,2025-05-05 12:00:00,21,3,1,0,0,27814746
1,2,236,58,0,129,2025-05-17 15:00:00,2025-05-17 21:00:00,107,4,1,0,0,27389852
1,1,12544,64,465,198,2025-05-03 18:00:00,2025-05-03 23:00:00,109,4,1,0,0,26786626
0,1,12544,24,622,201,2025-05-09 06:00:00,2025-05-09 12:00:00,109,3,2,0,0,25557678
1,2,12306,51,149,198,2025-05-08 23:00:00,2025-05-09 00:00:00,108,4,3,0,0,27764027
1,0,327,65,853,161,2025-05-01 01:00:00,2025-05-01 08:00:00,107,4,3,0,0,26464901
1,0,12956,61,406,204,2025-05-11 16:00:00,2025-05-12 00:00:00,0,3,2,0,0,26682166
2,0,12545,53,340,202,2025-05-01 00:00:00,2025-05-01 07:00:00,15,1,2,0,0,26168226
2,3,12545,17,406,202,2025-05-15 21:00:00,2025-05-16 06:00:00,12,3,3,0,0,27734896
1,3,32,50,832,194,2025-05-05 18:00:00,2025-05-05 19:00:00,12,4,2,0,0,26274831
1,1,12544,38,81,196,2025-05-17 06:00:00,2025-05-17 15:00:00,63,3,1,0,0,27778306
2,0,114,27,551,111,2025-05-04 15:00:00,2025-05-04 18:00:00,63,1,2,0,0,27779708
2,2,186,51,471,123,2025-05-09 04:00:00,2025-05-09 06:00:00,63,4,2,0,0,27757214
0,1,12307,56,537,201,2025-05-04 19:00:00,2025-05-05 01:00:00,21,4,2,0,0,25426712
0,2,13056,59,576,204,2025-05-12 09:00:00,2025-05-12 14:00:00,109,1,2,0,0,27932017
2,1,12350,34,1034,134,2025-05-15 07:00:00,2025-05-15 11:00:00,63,1,3,0,0,27553292
1,3,12301,48,695,125,2025-05-07 15:00:00,2025-05-07 19:00:00,12,4,3,0,0,25557351
1,1,4,24,1040,197,2025-05-08 04:00:00,2025-05-08 12:00:00,107,1,3,0,0,27707319
1,3,187,26,479,162,2025-05-02 08:00:00,2025-05-02 11:00:00,107,3,3,0,0,26640269
1,1,114,16,1037,166,2025-05-04 00:00:00,2025-05-04 01:00:00,21,1,1,0,0,27918663
0,0,199,50,541,104,2025-05-19 00:00:00,2025-05-19 05:00:00,107,3,1,0,0,27522041
2,2,299,4,1046,206,2025-05-18 08:00:00,2025-05-18 16:00:00,12,4,3,0,0,25758493
1,0,4,63,415,194,2025-05-09 03:00:00,2025-05-09 06:00:00,109,4,3,0,0,27678555
0,1,186,65,333,101,2025-05-12 19:00:00,2025-05-12 21:00:00,109,4,3,0,0,27415616
1,1,13552,51,171,125,2025-05-04 14:00:00,2025-05-04 15:00:00,109,4,2,0,0,27389852
2,1,4,66,462,208,2025-05-13 20:00:00,2025-05-14 00:00:00,15,4,1,0,0,27863529
0,3,13203,30,789,60,2025-05-10 07:00:00,2025-05-10 09:00:00,15,1,1,0,0,26919026
2,2,236,14,1041,165,2025-05-02 19:00:00,2025-05-03 03:00:00,15,1,2,0,0,27697732
2,2,236,17,967,204,2025-05-14 23:00:00,2025-05-15 08:00:00,15,4,2,0,0,27404820
0,1,13142,2,689,143,2025-05-06 17:00:00,2025-05-06 18:00:00,107,1,2,0,0,27962151
0,1,13933,13,940,265,2025-05-12 05:00:00,2025-05-12 07:00:00,13,1,1,0,0,27906072
0,3,12544,36,170,115,2025-05-15 22:00:00,2025-05-16 04:00:00,107,4,2,0,0,26699747
0,0,12306,22,872,60,2025-05-02 11:00:00,2025-05-02 18:00:00,13,1,2,0,0,27826704
0,0,12926,14,872,142,2025-05-02 09:00:00,2025-05-02 11:00:00,107,4,2,0,0,26890259
0,2,13142,43,537,206,2025-05-04 15:00:00,2025-05-04 23:00:00,12,4,3,0,0,25593991
0,3,13203,30,703,82,2025-05-07 01:00:00,2025-05-07 10:00:00,0,4,2,0,0,25832938
1,1,12306,1,1056,134,2025-05-01 15:00:00,2025-05-01 23:00:00,0,4,3,0,0,27898572
2,2,12305,23,855,161,2025-05-10 16:00:00,2025-05-11 01:00:00,15,1,1,0,0,25390877
0,3,12926,30,1041,145,2025-05-18 12:00:00,2025-05-18 18:00:00,0,1,1,0,0,25390877
1,0,12308,37,916,1,2025-05-02 16:00:00,2025-05-02 23:00:00,108,3,1,0,0,26461927
1,3,12307,8,643,198,2025-05-11 14:00:00,2025-05-11 20:00:00,21,3,3,0,0,27854685
1,0,13203,12,1075,117,2025-05-12 16:00:00,2025-05-12 23:00:00,21,4,2,0,0,25875884
2,3,32,32,838,197,2025-05-06 05:00:00,2025-05-06 08:00:00,0,3,1,0,0,27553799
0,2,236,38,242,60,2025-05-01 07:00:00,2025-05-01 11:00:00,21,1,2,0,0,26023975
1,0,32,40,991,165,2025-05-16 07:00:00,2025-05-16 16:00:00,13,1,3,0,0,25635278
2,2,12545,17,939,123,2025-05-15 13:00:00,2025-05-15 16:00:00,12,3,1,0,0,27347487
2,2,14102,26,614,176,2025-05-15 03:00:00,2025-05-15 05:00:00,21,3,2,0,0,25513556
2,0,13142,65,302,209,2025-05-17 17:00:00,2025-05-18 00:00:00,12,1,2,0,0,27953333
1,0,13987,63,1044,97,2025-05-14 11:00:00,2025-05-14 17:00:00,15,3,1,0,0,26971253
0,1,12306,32,117,103,2025-05-08 07:00:00,2025-05-08 10:00:00,0,1,2,0,0,25756139
1,1,1,10,840,189,2025-05-10 11:00:00,2025-05-10 17:00:00,12,1,3,0,0,27718484
1,1,236,63,631,104,2025-05-14 10:00:00,2025-05-14 17:00:00,63,3,1,0,0,27188111
0,2,14102,23,911,145,2025-05-17 17:00:00,2025-05-17 23:00:00,15,3,1,0,0,25510305
0,2,327,7,379,165,2025-05-16 06:00:00,2025-05-16 07:00:00,12,4,1,0,0,25426712
0,1,13203,64,11,1,2025-05-01 17:00:00,2025-05-01 18:00:00,108,4,1,0,0,27736149
2,2,236,37,142,1,2025-05-03 07:00:00,2025-05-03 16:00:00,21,4,3,0,0,27633650
0,2,12544,32,1054,194,2025-05-17 22:00:00,2025-05-18 04:00:00,108,4,3,0,0,26464901
1,0,1,5,170,265,2025-05-02 10:00:00,2025-05-02 12:00:00,13,4,2,0,0,27902104
0,0,114,20,698,207,2025-05-17 05:00:00,2025-05-17 06:00:00,15,1,3,0,0,27492678
1,2,13417,39,831,115,2025-05-05 21:00:00,2025-05-05 23:00:00,109,3,2,0,0,27908779
2,1,13552,20,467,230,2025-05-12 17:00:00,2025-05-13 01:00:00,109,1,2,0,0,25868833
1,3,12544,45,995,169,2025-05-11 13:00:00,2025-05-11 18:00:00,12,4,1,0,0,25395141
1,1,299,48,975,197,2025-05-09 20:00:00,2025-05-10 03:00:00,21,4,2,0,0,26704585
0,3,12545,45,921,66,2025-05-03 12:00:00,2025-05-03 19:00:00,0,3,1,0,0,27848676
0,1,114,6,295,216,2025-05-04 15:00:00,2025-05-04 17:00:00,109,1,2,0,0,25432492
1,0,4,34,1030,209,2025-05-12 06:00:00,2025-05-12 10:00:00,0,4,3,0,0,25876623
0,2,13056,54,878,244,2025-05-15 10:00:00,2025-05-15 12:00:00,109,4,1,0,0,25980946
2,2,12544,30,970,143,2025-05-02 07:00:00,2025-05-02 14:00:00,15,4,2,0,0,27264623
2,0,13142,17,937,265,2025-05-17 11:00:00,2025-05-17 16:00:00,109,4,3,0,0,26236232
0,3,327,50,834,257,2025-05-06 12:00:00,2025-05-06 13:00:00,107,1,3,0,0,25713463
2,3,235,48,940,123,2025-05-03 15:00:00,2025-05-03 17:00:00,12,1,1,0,0,27410074
0,3,12305,56,284,145,2025-05-09 06:00:00,2025-05-09 12:00:00,13,4,1,0,0,26327677
1,0,119,1,136,61,2025-05-11 15:00:00,2025-05-11 19:00:00,109,1,1,0,0,25306115
1,3,12350,25,576,115,2025-05-15 05:00:00,2025-05-15 12:00:00,21,4,2,0,0,26531370
2,0,13203,63,80,66,2025-05-07 10:00:00,2025-05-07 12:00:00,13,3,1,0,0,27952128
0,1,13056,33,164,145,2025-05-10 14:00:00,2025-05-10 16:00:00,0,3,3,0,0,26699438
0,1,12301,24,991,185,2025-05-13 12:00:00,2025-05-13 18:00:00,108,3,3,0,0,26465742
2,0,32,27,328,125,2025-05-02 10:00:00,2025-05-02 18:00:00,63,1,1,0,0,26966635
1,2,114,59,893,61,2025-05-02 01:00:00,2025-05-02 02:00:00,63,4,1,0,0,25880857
2,1,12306,40,1048,189,2025-05-01 22:00:00,2025-05-02 03:00:00,13,3,3,0,0,27420921
1,3,12926,52,265,206,2025-05-06 20:00:00,2025-05-06 21:00:00,108,3,2,0,0,25354641
0,0,12587,17,891,82,2025-05-17 02:00:00,2025-05-17 08:00:00,21,1,3,0,0,26542775
1,3,12350,2,703,189,2025-05-12 20:00:00,2025-05-13 03:00:00,13,1,3,0,0,26328801
2,3,12307,46,863,206,2025-05-14 07:00:00,2025-05-14 13:00:00,0,3,3,0,0,26549193
0,2,12305,53,663,103,2025-05-07 11:00:00,2025-05-07 20:00:00,15,4,1,0,0,27732586
2,3,12544,3,925,238,2025-05-18 11:00:00,2025-05-18 14:00:00,13,4,2,0,0,27847843
2,2,13933,21,563,209,2025-05-05 16:00:00,2025-05-06 00:00:00,63,4,2,0,0,27835253
1,1,12306,54,920,110,2025-05-17 05:00:00,2025-05-17 08:00:00,107,3,1,0,0,26489078
2,0,12580,30,916,123,2025-05-06 18:00:00,2025-05-07 01:00:00,63,1,3,0,0,26767616
1,3,236,41,103,55,2025-05-18 13:00:00,2025-05-18 18:00:00,108,4,1,0,0,25447149
0,0,187,22,783,104,2025-05-16 13:00:00,2025-05-16 14:00:00,0,3,1,0,0,27932017
1,3,13142,29,851,196,2025-05-18 09:00:00,2025-05-18 13:00:00,21,3,2,0,0,27789681
0,0,13203,33,991,66,2025-05-09 16:00:00,2025-05-10 01:00:00,12,1,2,0,0,25390877
1,3,63604,42,899,97,2025-05-14 10:00:00,2025-05-14 18:00:00,107,4,1,0,0,25741466
2,3,13056,9,419,123,2025-05-16 03:00:00,2025-05-16 06:00:00,13,3,1,0,0,26754137
1,3,12580,54,929,197,2025-05-18 21:00:00,2025-05-18 23:00:00,107,4,2,0,0,27054195
1,3,14152,44,1037,205,2025-05-04 13:00:00,2025-05-04 22:00:00,108,4,2,0,0,27778306
0,3,13203,23,949,244,2025-05-12 20:00:00,2025-05-12 21:00:00,0,4,3,0,0,26832300
2,3,12350,38,893,162,2025-05-03 11:00:00,2025-05-03 20:00:00,21,3,1,0,0,26524119
1,3,14152,61,904,129,2025-05-03 05:00:00,2025-05-03 12:00:00,13,4,3,0,0,27906072
2,3,12307,26,571,128,2025-05-04 20:00:00,2025-05-04 22:00:00,0,1,3,0,0,27702529
1,3,114,20,898,198,2025-05-14 12:00:00,2025-05-14 17:00:00,13,3,3,0,0,27291824
1,0,14152,49,1056,229,2025-05-16 12:00:00,2025-05-16 14:00:00,21,3,2,0,0,27707381
2,2,2,60,379,103,2025-05-12 00:00:00,2025-05-12 05:00:00,13,4,3,0,0,27443134
1,3,12956,20,920,219,2025-05-16 21:00:00,2025-05-17 04:00:00,0,4,2,0,0,26411572
2,2,12350,46,410,55,2025-05-09 20:00:00,2025-05-10 01:00:00,13,4,2,0,0,25928752
1,3,12350,33,549,257,2025-05-14 20:00:00,2025-05-14 22:00:00,0,3,2,0,0,27958869
0,3,235,35,703,145,2025-05-01 09:00:00,2025-05-01 14:00:00,108,1,1,0,0,25552631
2,0,63604,4,904,244,2025-05-15 21:00:00,2025-05-16 03:00:00,15,1,3,0,0,26904089
1,1,119,59,183,106,2025-05-09 10:00:00,2025-05-09 15:00:00,0,3,2,0,0,27893444
1,1,119,23,163,117,2025-05-09 03:00:00,2025-05-09 05:00:00,107,1,1,0,0,26952360
0,0,13552,3,703,232,2025-05-03 09:00:00,2025-05-03 15:00:00,15,4,1,0,0,26403501
2,2,14102,26,845,225,2025-05-11 15:00:00,2025-05-11 21:00:00,13,3,1,0,0,27898572
1,1,14152,42,1058,61,2025-05-10 06:00:00,2025-05-10 08:00:00,0,1,2,0,0,26529942
0,0,13056,33,783,101,2025-05-16 08:00:00,2025-05-16 12:00:00,0,3,2,0,0,27293217
1,0,12350,60,375,186,2025-05-08 11:00:00,2025-05-08 18:00:00,107,1,2,0,0,26033574
2,1,13552,17,618,161,2025-05-18 09:00:00,2025-05-18 10:00:00,12,3,1,0,0,27416204
1,2,199,42,834,61,2025-05-16 01:00:00,2025-05-16 02:00:00,15,1,2,0,0,27811719
1,0,13552,65,479,219,2025-05-02 10:00:00,2025-05-02 16:00:00,15,3,3,0,0,26276201
1,3,12350,38,904,192,2025-05-15 22:00:00,2025-05-16 05:00:00,0,3,2,0,0,27282748
1,2,2,39,839,227,2025-05-05 06:00:00,2025-05-05 11:00:00,13,3,2,0,0,27473326
0,2,12545,29,767,193,2025-05-07 16:00:00,2025-05-08 00:00:00,21,3,3,0,0,25422695
0,1,14102,34,441,216,2025-05-09 07:00:00,2025-05-09 11:00:00,21,3,2,0,0,27109267
2,1,13417,52,924,169,2025-05-07 15:00:00,2025-05-07 18:00:00,15,4,2,0,0,26033574
0,3,12956,10,911,134,2025-05-08 14:00:00,2025-05-08 21:00:00,12,3,2,0,0,26601515
0,0,13552,13,398,198,2025-05-15 16:00:00,2025-05-15 20:00:00,21,3,2,0,0,26723779
2,1,199,35,831,166,2025-05-06 15:00:00,2025-05-06 16:00:00,109,3,1,0,0,27764027
0,1,2,5,327,161,2025-05-18 21:00:00,2025-05-19 05:00:00,21,1,2,0,0,26965455
0,2,13933,34,685,221,2025-05-17 13:00:00,2025-05-17 18:00:00,63,3,3,0,0,25555825
2,1,12306,41,963,204,2025-05-10 09:00:00,2025-05-10 17:00:00,15,4,3,0,0,25356894
2,1,12926,45,150,162,2025-05-17 07:00:00,2025-05-17 15:00:00,12,3,1,0,0,25687495
2,1,12306,6,779,225,2025-05-11 02:00:00,2025-05-11 07:00:00,13,1,2,0,0,25668499
1,1,12587,21,89,110,2025-05-05 09:00:00,2025-05-05 17:00:00,0,1,3,0,0,25785035
1,2,186,48,94,97,2025-05-03 22:00:00,2025-05-04 05:00:00,108,3,1,0,0,25667998
2,3,13142,57,317,197,2025-05-04 04:00:00,2025-05-04 07:00:00,107,3,2,0,0,27656301
2,3,13142,63,699,230,2025-05-03 05:00:00,2025-05-03 09:00:00,15,3,1,0,0,25384835
2,0,12580,3,1035,257,2025-05-12 12:00:00,2025-05-12 19:00:00,12,3,2,0,0,26053003
1,1,13142,61,689,145,2025-05-05 14:00:00,2025-05-05 18:00:00,0,1,1,0,0,27862074
1,2,13142,4,415,143,2025-05-10 07:00:00,2025-05-10 13:00:00,108,3,1,0,0,27429833
0,0,12587,22,969,196,2025-05-04 02:00:00,2025-05-04 04:00:00,63,1,3,0,0,27530318
0,0,13552,43,283,196,2025-05-01 13:00:00,2025-05-01 15:00:00,15,1,3,0,0,27776414
2,3,114,21,364,145,2025-05-11 17:00:00,2025-05-11 20:00:00,13,4,1,0,0,27482718
1,2,1,4,929,199,2025-05-08 20:00:00,2025-05-09 03:00:00,107,1,2,0,0,25341435
1,2,12307,14,408,60,2025-05-16 03:00:00,2025-05-16 06:00:00,108,3,2,0,0,26916866
1,2,13203,55,977,193,2025-05-10 22:00:00,2025-05-11 01:00:00,13,3,2,0,0,27004776
2,3,186,50,164,193,2025-05-17 16:00:00,2025-05-17 20:00:00,21,3,2,0,0,25763807
0,3,12350,50,171,111,2025-05-14 21:00:00,2025-05-15 03:00:00,0,3,2,0,0,27452309
2,3,13203,57,159,145,2025-05-13 15:00:00,2025-05-13 16:00:00,15,4,3,0,0,26529942
0,3,12301,35,727,192,2025-05-04 18:00:00,2025-05-05 00:00:00,0,4,1,0,0,27736822
0,3,1,24,850,162,2025-05-17 07:00:00,2025-05-17 15:00:00,108,4,3,0,0,27685743
2,1,13142,10,373,115,2025-05-08 15:00:00,2025-05-08 23:00:00,109,4,2,0,0,26642105
0,1,13987,25,587,185,2025-05-01 16:00:00,2025-05-01 22:00:00,109,1,1,0,0,27787442
0,2,25,27,1046,166,2025-05-01 11:00:00,2025-05-01 17:00:00,107,4,2,0,0,26247103
1,0,12305,3,903,163,2025-05-07 21:00:00,2025-05-08 00:00:00,21,1,2,0,0,27633650
0,2,12544,62,649,208,2025-05-07 01:00:00,2025-05-07 03:00:00,63,3,1,0,0,26640049
2,0,12305,39,968,167,2025-05-12 17:00:00,2025-05-13 00:00:00,12,1,2,0,0,27814746
2,3,32,31,1052,165,2025-05-02 12:00:00,2025-05-02 20:00:00,15,1,3,0,0,26909782
0,0,14152,58,872,233,2025-05-03 21:00:00,2025-05-04 03:00:00,15,4,3,0,0,26621502
1,2,299,32,833,225,2025-05-08 00:00:00,2025-05-08 05:00:00,108,3,3,0,0,27230190
1,2,12580,57,930,60,2025-05-14 22:00:00,2025-05-15 02:00:00,109,3,2,0,0,27856870
0,0,13056,22,869,265,2025-05-08 01:00:00,2025-05-08 02:00:00,63,4,3,0,0,26175444
0,1,32,63,899,208,2025-05-11 12:00:00,2025-05-11 21:00:00,108,1,2,0,0,27633650
2,3,32,17,478,227,2025-05-15 09:00:00,2025-05-15 13:00:00,63,4,2,0,0,27111027
0,3,25,21,663,233,2025-05-13 08:00:00,2025-05-13 10:00:00,109,1,3,0,0,25931162
1,2,14102,16,782,258,2025-05-18 22:00:00,2025-05-19 02:00:00,13,4,3,0,0,27293217
0,1,12587,48,577,129,2025-05-06 21:00:00,2025-05-07 02:00:00,108,4,2,0,0,27873337
2,0,4,21,182,194,2025-05-17 00:00:00,2025-05-17 02:00:00,12,3,2,0,0,25771925
2,3,32,19,1035,197,2025-05-12 08:00:00,2025-05-12 15:00:00,63,3,2,0,0,27923098
2,1,199,59,328,167,2025-05-10 08:00:00,2025-05-10 11:00:00,21,3,2,0,0,25771925
2,3,32,42,49,244,2025-05-08 14:00:00,2025-05-08 22:00:00,108,4,3,0,0,26944369
2,1,12544,10,527,233,2025-05-10 04:00:00,2025-05-10 08:00:00,13,3,2,0,0,27819523
0,1,12545,42,911,166,2025-05-03 04:00:00,2025-05-03 09:00:00,12,3,2,0,0,27735842
0,2,13142,14,995,221,2025-05-05 21:00:00,2025-05-06 00:00:00,109,4,2,0,0,27282748
0,3,13142,65,665,203,2025-05-16 04:00:00,2025-05-16 09:00:00,107,3,2,0,0,27682150
0,0,12545,19,406,198,2025-05-07 14:00:00,2025-05-07 23:00:00,15,1,2,0,0,26840506
2,2,12544,48,923,181,2025-05-06 15:00:00,2025-05-06 17:00:00,15,3,1,0,0,26475192
1,2,13203,5,990,115,2025-05-18 05:00:00,2025-05-18 12:00:00,108,1,1,0,0,27707381
0,0,13142,48,351,258,2025-05-04 04:00:00,2025-05-04 12:00:00,109,3,1,0,0,26581728
1,2,199,51,600,186,2025-05-14 23:00:00,2025-05-15 02:00:00,0,4,3,0,0,27902565
0,1,1,60,900,225,2025-05-02 20:00:00,2025-05-03 00:00:00,12,4,2,0,0,26704585
0,1,12956,55,379,189,2025-05-01 17:00:00,2025-05-01 19:00:00,21,3,3,0,0,25470530
1,3,13142,12,239,117,2025-05-15 18:00:00,2025-05-16 03:00:00,15,1,2,0,0,27263873
2,3,63604,33,366,204,2025-05-18 20:00:00,2025-05-18 23:00:00,63,3,1,0,0,26423624
0,0,12307,35,711,60,2025-05-17 18:00:00,2025-05-18 03:00:00,13,4,2,0,0,27647669
0,3,12545,66,1,232,2025-05-09 12:00:00,2025-05-09 19:00:00,15,3,3,0,0,27879557
0,1,235,37,621,225,2025-05-14 11:00:00,2025-05-14 17:00:00,108,4,3,0,0,26510676
1,0,12301,63,890,223,2025-05-04 10:00:00,2025-05-04 13:00:00,12,1,2,0,0,27045281
2,0,13142,22,163,123,2025-05-03 01:00:00,2025-05-03 08:00:00,12,1,3,0,0,25557678
1,3,13203,43,572,189,2025-05-12 16:00:00,2025-05-12 19:00:00,0,4,1,0,0,26126518
1,1,13933,50,551,162,2025-05-07 21:00:00,2025-05-08 03:00:00,107,1,2,0,0,27578101
2,0,12545,66,767,134,2025-05-11 02:00:00,2025-05-11 10:00:00,21,4,1,0,0,25459049
1,1,14152,12,176,142,2025-05-16 16:00:00,2025-05-16 21:00:00,109,4,1,0,0,27627632
2,1,327,29,702,60,2025-05-07 19:00:00,2025-05-07 22:00:00,108,4,3,0,0,27811719
0,1,13142,47,89,192,2025-05-14 11:00:00,2025-05-14 17:00:00,108,3,2,0,0,27609649
2,3,119,34,843,230,2025-05-03 07:00:00,2025-05-03 15:00:00,109,1,1,0,0,27748060
0,2,12587,23,1014,165,2025-05-02 14:00:00,2025-05-02 17:00:00,109,3,1,0,0,26051714
1,2,12305,43,832,65,2025-05-14 06:00:00,2025-05-14 11:00:00,109,3,2,0,0,27898621
1,0,12307,59,102,125,2025-05-06 07:00:00,2025-05-06 16:00:00,0,1,3,0,0,27964539
0,1,2,23,841,145,2025-05-17 06:00:00,2025-05-17 09:00:00,109,3,1,0,0,25765945
1,3,236,55,467,232,2025-05-06 01:00:00,2025-05-06 03:00:00,109,4,2,0,0,26944369
2,1,12306,38,541,186,2025-05-11 06:00:00,2025-05-11 14:00:00,15,3,2,0,0,27407499
0,1,13933,49,1007,111,2025-05-08 17:00:00,2025-05-09 00:00:00,63,4,1,0,0,27547329
1,3,236,5,1013,166,2025-05-09 15:00:00,2025-05-10 00:00:00,12,1,1,0,0,27724885
0,2,12350,49,478,145,2025-05-14 02:00:00,2025-05-14 06:00:00,109,3,1,0,0,25632943
2,1,12307,64,505,165,2025-05-13 15:00:00,2025-05-13 18:00:00,15,1,3,0,0,25762332
2,1,199,12,327,189,2025-05-17 04:00:00,2025-05-17 09:00:00,107,4,3,0,0,26904089
1,2,199,54,888,221,2025-05-10 22:00:00,2025-05-10 23:00:00,12,3,2,0,0,27863529
2,3,1,21,1013,129,2025-05-09 22:00:00,2025-05-10 03:00:00,21,4,2,0,0,27885981
0,0,12301,16,373,209,2025-05-13 03:00:00,2025-05-13 06:00:00,12,4,1,0,0,27415616
2,2,12307,58,587,186,2025-05-10 07:00:00,2025-05-10 08:00:00,0,4,2,0,0,25556377
0,0,12305,35,891,192,2025-05-04 15:00:00,2025-05-04 18:00:00,109,1,3,0,0,27079039
0,0,12545,29,477,197,2025-05-02 00:00:00,2025-05-02 05:00:00,12,1,2,0,0,26366733
2,2,32,4,665,230,2025-05-18 20:00:00,2025-05-19 01:00:00,107,1,2,0,0,25737224
1,1,186,2,561,55,2025-05-10 03:00:00,2025-05-10 11:00:00,0,3,1,0,0,25476411
2,0,327,5,461,61,2025-05-12 10:00:00,2025-05-12 11:00:00,109,4,1,0,0,27701599
0,0,4,45,1028,244,2025-05-06 14:00:00,2025-05-06 21:00:00,12,1,3,0,0,25549574
0,3,13933,5,767,188,2025-05-10 16:00:00,2025-05-10 21:00:00,109,4,2,0,0,26541463
2,1,12305,12,462,215,2025-05-03 17:00:00,2025-05-03 20:00:00,0,1,2,0,0,27271986
1,0,187,28,1056,233,2025-05-04 07:00:00,2025-05-04 11:00:00,13,4,2,0,0,26919007
1,3,13552,61,789,110,2025-05-18 14:00:00,2025-05-18 17:00:00,63,1,1,0,0,26501008
0,1,12301,3,0,227,2025-05-11 14:00:00,2025-05-11 22:00:00,13,1,3,0,0,27293359
0,2,235,35,873,188,2025-05-06 04:00:00,2025-05-06 08:00:00,108,1,2,0,0,25432492
1,2,12544,65,703,207,2025-05-07 01:00:00,2025-05-07 04:00:00,63,1,2,0,0,27787695
2,3,114,52,666,176,2025-05-05 06:00:00,2025-05-05 08:00:00,63,4,2,0,0,25366936
0,2,186,26,1032,163,2025-05-17 00:00:00,2025-05-17 03:00:00,107,1,2,0,0,26340062
0,0,4,1,323,198,2025-05-17 02:00:00,2025-05-17 09:00:00,107,1,3,0,0,27686576
1,1,199,62,773,181,2025-05-16 22:00:00,2025-05-17 04:00:00,109,1,3,0,0,27922452
2,0,12926,50,117,258,2025-05-12 12:00:00,2025-05-12 17:00:00,12,4,3,0,0,26274730
1,0,12544,66,517,188,2025-05-16 21:00:00,2025-05-17 05:00:00,13,1,1,0,0,26652964
2,2,12308,30,283,186,2025-05-06 03:00:00,2025-05-06 04:00:00,21,4,2,0,0,27421222
2,0,63604,31,549,163,2025-05-18 05:00:00,2025-05-18 08:00:00,108,3,2,0,0,25772530
2,2,12306,17,773,185,2025-05-12 02:00:00,2025-05-12 04:00:00,21,4,2,0,0,27326292
0,1,1,29,1030,198,2025-05-12 13:00:00,2025-05-12 15:00:00,109,3,2,0,0,25833567
1,1,12308,44,703,232,2025-05-05 14:00:00,2025-05-05 15:00:00,63,1,3,0,0,25635168
1,0,236,46,102,197,2025-05-16 20:00:00,2025-05-17 01:00:00,108,1,1,0,0,27768762
2,3,2,51,1041,169,2025-05-14 00:00:00,2025-05-14 05:00:00,109,4,1,0,0,25308572
0,2,12306,58,861,201,2025-05-04 16:00:00,2025-05-04 19:00:00,108,1,2,0,0,26662553
0,2,1,6,973,204,2025-05-17 02:00:00,2025-05-17 11:00:00,15,1,3,0,0,26032824
1,0,14102,9,383,206,2025-05-07 13:00:00,2025-05-07 19:00:00,13,4,1,0,0,27819523
0,2,4,35,690,129,2025-05-09 23:00:00,2025-05-10 05:00:00,107,1,1,0,0,27722002
0,2,12350,51,779,54,2025-05-16 23:00:00,2025-05-17 05:00:00,13,3,2,0,0,26601515
2,3,13142,32,975,198,2025-05-13 12:00:00,2025-05-13 14:00:00,21,3,1,0,0,27196945
0,3,119,44,1054,208,2025-05-02 11:00:00,2025-05-02 19:00:00,108,1,2,0,0,27385024
2,0,25,27,969,207,2025-05-04 14:00:00,2025-05-04 20:00:00,0,1,3,0,0,27891316
1,3,119,25,865,82,2025-05-05 21:00:00,2025-05-06 00:00:00,107,3,2,0,0,27627616
0,0,63604,7,565,204,2025-05-14 15:00:00,2025-05-15 00:00:00,21,1,1,0,0,27919520
1,1,25,48,1032,66,2025-05-08 13:00:00,2025-05-08 15:00:00,15,3,2,0,0,25801149
1,0,14152,36,949,162,2025-05-03 19:00:00,2025-05-04 02:00:00,15,4,2,0,0,25717440
0,1,13987,51,843,101,2025-05-15 22:00:00,2025-05-16 01:00:00,0,3,2,0,0,27102999
0,0,12545,37,284,233,2025-05-07 14:00:00,2025-05-07 20:00:00,63,1,2,0,0,25842968
1,2,12545,7,649,104,2025-05-12 20:00:00,2025-05-13 01:00:00,108,1,2,0,0,25867710
0,3,13056,34,1075,145,2025-05-07 19:00:00,2025-05-08 01:00:00,15,3,2,0,0,26971253
2,1,12301,49,920,229,2025-05-16 00:00:00,2025-05-16 08:00:00,107,3,1,0,0,27797160
2,0,327,11,658,115,2025-05-04 00:00:00,2025-05-04 03:00:00,21,1,2,0,0,25849249
0,3,13056,48,364,197,2025-05-05 22:00:00,2025-05-06 00:00:00,0,1,1,0,0,25876036
1,0,12350,58,922,258,2025-05-15 04:00:00,2025-05-15 12:00:00,63,1,2,0,0,27379834
0,3,12350,16,873,193,2025-05-09 02:00:00,2025-05-09 03:00:00,63,4,3,0,0,26246947
0,3,1,55,930,161,2025-05-04 16:00:00,2025-05-04 18:00:00,109,4,2,0,0,26196773
1,0,13417,22,418,82,2025-05-15 08:00:00,2025-05-15 09:00:00,21,3,1,0,0,26563469
1,1,299,52,250,110,2025-05-04 03:00:00,2025-05-04 08:00:00,107,3,1,0,0,25587969
2,1,12301,14,160,169,2025-05-10 04:00:00,2025-05-10 12:00:00,15,4,3,0,0,26662553
1,2,12956,36,902,219,2025-05-06 18:00:00,2025-05-06 20:00:00,109,4,2,0,0,25556841
2,3,13933,29,611,257,2025-05-16 11:00:00,2025-05-16 15:00:00,12,3,3,0,0,26216259
1,2,327,61,923,225,2025-05-17 10:00:00,2025-05-17 14:00:00,107,4,2,0,0,27404820
0,2,119,26,1041,207,2025-05-11 00:00:00,2025-05-11 07:00:00,108,3,2,0,0,26299789
2,0,187,47,892,216,2025-05-07 09:00:00,2025-05-07 10:00:00,21,1,1,0,0,27266155
2,0,12956,8,727,215,2025-05-03 04:00:00,2025-05-03 13:00:00,0,3,3,0,0,27326292
2,0,13552,37,25,103,2025-05-06 21:00:00,2025-05-07 00:00:00,15,4,3,0,0,27737138
0,3,12308,47,62,101,2025-05-14 07:00:00,2025-05-14 13:00:00,12,4,1,0,0,27264067
0,0,186,49,308,216,2025-05-17 09:00:00,2025-05-17 14:00:00,108,4,1,0,0,27126605
0,0,12307,12,679,62,2025-05-02 06:00:00,2025-05-02 10:00:00,0,3,3,0,0,25449120
0,3,12301,49,162,185,2025-05-10 06:00:00,2025-05-10 15:00:00,15,4,1,0,0,27877313
0,3,12350,33,850,54,2025-05-13 03:00:00,2025-05-13 12:00:00,63,3,2,0,0,26548012
2,1,13056,25,835,233,2025-05-12 01:00:00,2025-05-12 02:00:00,12,1,3,0,0,25867710
0,0,327,32,1041,267,2025-05-12 17:00:00,2025-05-13 00:00:00,12,1,3,0,0,27628208
2,0,4,57,551,143,2025-05-12 11:00:00,2025-05-12 20:00:00,109,4,1,0,0,25384562
0,0,25,34,699,110,2025-05-16 20:00:00,2025-05-17 01:00:00,109,3,2,0,0,27791287
1,1,63604,30,536,244,2025-05-02 19:00:00,2025-05-02 20:00:00,63,3,3,0,0,26944369
2,0,12301,51,783,219,2025-05-03 13:00:00,2025-05-03 21:00:00,15,4,3,0,0,27841327
1,1,2,2,689,167,2025-05-09 08:00:00,2025-05-09 13:00:00,109,3,2,0,0,27851980
2,2,12307,64,780,215,2025-05-14 22:00:00,2025-05-15 04:00:00,109,4,1,0,0,27852905
1,1,25,42,1050,55,2025-05-01 08:00:00,2025-05-01 15:00:00,13,4,1,0,0,25878862
0,2,63604,17,461,192,2025-05-03 22:00:00,2025-05-04 05:00:00,13,1,1,0,0,27698968
0,0,12305,19,765,186,2025-05-04 17:00:00,2025-05-05 00:00:00,107,4,1,0,0,25608357
0,2,13056,2,1028,199,2025-05-01 23:00:00,2025-05-02 00:00:00,13,3,2,0,0,26721470
2,1,119,60,622,205,2025-05-06 19:00:00,2025-05-07 02:00:00,15,4,2,0,0,25596775
1,3,199,35,1060,65,2025-05-14 03:00:00,2025-05-14 06:00:00,15,1,3,0,0,26704585
0,2,25,4,872,216,2025-05-15 03:00:00,2025-05-15 08:00:00,13,1,3,0,0,27615586
1,2,12305,41,931,134,2025-05-16 15:00:00,2025-05-16 20:00:00,108,3,2,0,0,26971684
1,0,14102,21,762,193,2025-05-04 05:00:00,2025-05-04 13:00:00,0,4,3,0,0,25559777
0,1,12301,50,686,161,2025-05-09 21:00:00,2025-05-10 04:00:00,63,3,2,0,0,26521991
0,2,12545,32,898,185,2025-05-01 15:00:00,2025-05-01 22:00:00,15,3,1,0,0,26098767
1,2,119,58,918,134,2025-05-02 04:00:00,2025-05-02 10:00:00,15,4,2,0,0,26944118
0,2,187,66,703,258,2025-05-18 07:00:00,2025-05-18 14:00:00,107,1,2,0,0,27961081
0,2,119,53,940,1,2025-05-16 14:00:00,2025-05-16 21:00:00,15,3,3,0,0,25397562
0,3,235,22,317,203,2025-05-13 02:00:00,2025-05-13 07:00:00,12,3,2,0,0,26400612
2,1,199,51,479,194,2025-05-02 18:00:00,2025-05-02 23:00:00,0,1,1,0,0,26400612
1,0,14152,2,363,193,2025-05-15 15:00:00,2025-05-15 19:00:00,15,4,1,0,0,26053003
1,0,236,24,923,1,2025-05-16 14:00:00,2025-05-16 18:00:00,13,4,3,0,0,26126165
2,3,12544,8,284,62,2025-05-03 04:00:00,2025-05-03 09:00:00,15,4,3,0,0,25766513
1,1,2,2,900,257,2025-05-12 11:00:00,2025-05-12 20:00:00,63,1,2,0,0,25386342
0,2,299,17,831,142,2025-05-16 10:00:00,2025-05-16 16:00:00,107,3,3,0,0,25668499
1,3,13142,4,780,186,2025-05-10 15:00:00,2025-05-10 23:00:00,63,1,1,0,0,26538397
0,1,187,26,853,65,2025-05-09 19:00:00,2025-05-10 04:00:00,0,3,3,0,0,27940277
2,2,13056,37,949,55,2025-05-01 07:00:00,2025-05-01 11:00:00,0,3,3,0,0,27657853
0,3,4,21,142,143,2025-05-06 01:00:00,2025-05-06 08:00:00,0,4,1,0,0,26857613
1,1,12350,1,785,194,2025-05-02 17:00:00,2025-05-02 22:00:00,107,4,2,0,0,26132147
1,0,14152,43,571,66,2025-05-14 20:00:00,2025-05-15 00:00:00,63,4,2,0,0,27514197
1,0,13056,52,1037,145,2025-05-10 16:00:00,2025-05-10 23:00:00,109,1,3,0,0,26786626
2,1,25,53,869,232,2025-05-03 21:00:00,2025-05-04 00:00:00,12,4,1,0,0,27824690
2,0,119,14,162,232,2025-05-16 06:00:00,2025-05-16 07:00:00,0,1,1,0,0,27185332
1,1,4,9,551,185,2025-05-01 15:00:00,2025-05-01 22:00:00,108,4,1,0,0,27126605
0,2,119,11,783,257,2025-05-03 20:00:00,2025-05-04 05:00:00,63,4,2,0,0,25388121
2,1,14152,37,1044,49,2025-05-03 04:00:00,2025-05-03 06:00:00,63,4,1,0,0,25453304
1,2,13203,44,1034,257,2025-05-08 04:00:00,2025-05-08 11:00:00,13,1,1,0,0,27855914
1,3,13552,49,1013,198,2025-05-11 21:00:00,2025-05-11 23:00:00,21,3,2,0,0,26510273
2,1,12587,30,833,189,2025-05-16 18:00:00,2025-05-16 21:00:00,21,1,1,0,0,26779442
2,3,114,51,842,104,2025-05-13 00:00:00,2025-05-13 03:00:00,107,1,2,0,0,27804237
2,0,12301,47,781,162,2025-05-01 14:00:00,2025-05-01 18:00:00,0,1,3,0,0,25412278
0,2,12926,6,917,101,2025-05-12 05:00:00,2025-05-12 11:00:00,13,3,3,0,0,25774099
0,1,13056,49,643,183,2025-05-07 22:00:00,2025-05-08 01:00:00,0,1,3,0,0,27196945
1,3,114,64,663,204,2025-05-03 14:00:00,2025-05-03 23:00:00,0,4,3,0,0,27958869
2,2,13142,49,841,267,2025-05-11 20:00:00,2025-05-11 22:00:00,13,3,3,0,0,26627372
0,2,12580,62,1056,128,2025-05-06 00:00:00,2025-05-06 07:00:00,13,1,2,0,0,25410932
2,0,63604,10,571,115,2025-05-15 09:00:00,2025-05-15 15:00:00,12,1,2,0,0,27773118
1,0,236,60,894,104,2025-05-10 23:00:00,2025-05-11 01:00:00,15,3,2,0,0,26412327
0,2,327,28,666,203,2025-05-05 10:00:00,2025-05-05 13:00:00,21,1,1,0,0,27387654
0,2,236,1,537,134,2025-05-08 11:00:00,2025-05-08 17:00:00,15,3,3,0,0,26766784
0,1,14102,49,587,169,2025-05-01 15:00:00,2025-05-01 19:00:00,13,4,1,0,0,26046068
1,2,13417,57,261,65,2025-05-15 18:00:00,2025-05-15 19:00:00,107,1,1,0,0,26840122
2,1,12544,50,385,202,2025-05-18 13:00:00,2025-05-18 14:00:00,13,1,1,0,0,25646197
0,2,13203,58,1007,145,2025-05-13 20:00:00,2025-05-13 23:00:00,15,4,3,0,0,25741466
1,0,119,59,1,258,2025-05-09 22:00:00,2025-05-10 06:00:00,109,1,1,0,0,25516299
2,1,12307,16,939,267,2025-05-04 04:00:00,2025-05-04 08:00:00,109,1,3,0,0,27569628
1,3,13552,29,967,123,2025-05-10 08:00:00,2025-05-10 09:00:00,21,3,3,0,0,26855733
2,0,13203,32,858,125,2025-05-04 20:00:00,2025-05-05 04:00:00,108,1,3,0,0,26274730
1,1,327,14,831,230,2025-05-08 12:00:00,2025-05-08 18:00:00,107,4,1,0,0,27003453
2,1,199,11,674,1,2025-05-08 05:00:00,2025-05-08 06:00:00,0,1,3,0,0,27918663
0,3,13987,20,283,110,2025-05-15 17:00:00,2025-05-15 23:00:00,63,3,3,0,0,26269012
2,1,13552,60,563,169,2025-05-15 17:00:00,2025-05-15 18:00:00,13,4,2,0,0,27410074
1,2,14152,61,161,169,2025-05-10 02:00:00,2025-05-10 05:00:00,109,4,1,0,0,27685598
1,3,25,2,572,145,2025-05-06 22:00:00,2025-05-07 00:00:00,108,4,2,0,0,27426952
2,0,235,61,842,197,2025-05-14 02:00:00,2025-05-14 06:00:00,107,4,2,0,0,27189389
0,0,13056,56,471,267,2025-05-17 08:00:00,2025-05-17 10:00:00,107,3,1,0,0,25898139
0,2,236,23,266,196,2025-05-12 17:00:00,2025-05-12 22:00:00,109,3,2,0,0,26580880
2,0,63604,9,142,103,2025-05-11 18:00:00,2025-05-11 22:00:00,63,3,3,0,0,26315982
2,1,12307,64,949,229,2025-05-15 19:00:00,2025-05-16 01:00:00,108,3,2,0,0,26909782
1,1,13142,40,328,205,2025-05-02 22:00:00,2025-05-03 05:00:00,12,1,2,0,0,27868895
0,2,12305,22,553,208,2025-05-01 04:00:00,2025-05-01 06:00:00,63,3,3,0,0,27276204
2,0,13203,15,1006,189,2025-05-03 13:00:00,2025-05-03 15:00:00,15,1,2,0,0,27899563
0,0,13933,57,887,188,2025-05-04 11:00:00,2025-05-04 19:00:00,107,4,3,0,0,25969696
2,2,12580,42,695,208,2025-05-06 12:00:00,2025-05-06 21:00:00,108,1,1,0,0,25865600
2,3,12956,20,991,204,2025-05-17 09:00:00,2025-05-17 14:00:00,109,1,2,0,0,25552631
0,0,186,61,1044,143,2025-05-14 23:00:00,2025-05-15 06:00:00,107,1,1,0,0,26434306
2,3,13552,6,783,203,2025-05-03 14:00:00,2025-05-03 23:00:00,63,3,2,0,0,27415616
2,0,235,4,845,232,2025-05-12 16:00:00,2025-05-12 17:00:00,0,3,3,0,0,27874417
1,0,186,39,332,203,2025-05-02 19:00:00,2025-05-03 03:00:00,0,4,2,0,0,27843743
2,0,236,53,859,185,2025-05-07 08:00:00,2025-05-07 17:00:00,107,3,1,0,0,25869616
2,0,32,65,621,196,2025-05-18 05:00:00,2025-05-18 14:00:00,108,1,3,0,0,26395078
2,1,299,50,1056,54,2025-05-12 05:00:00,2025-05-12 12:00:00,108,3,3,0,0,26127228
1,3,12301,3,308,103,2025-05-15 05:00:00,2025-05-15 08:00:00,15,3,1,0,0,26788776
0,3,14152,23,892,110,2025-05-08 02:00:00,2025-05-08 07:00:00,15,1,1,0,0,25765945
1,0,327,48,49,209,2025-05-07 11:00:00,2025-05-07 13:00:00,109,4,2,0,0,27769045
1,0,25,31,160,199,2025-05-12 10:00:00,2025-05-12 13:00:00,0,3,2,0,0,26419887
0,3,13552,45,587,115,2025-05-15 21:00:00,2025-05-16 04:00:00,109,4,3,0,0,26334896
1,1,12308,54,839,142,2025-05-18 17:00:00,2025-05-18 18:00:00,108,1,1,0,0,26799983
0,2,13142,34,164,183,2025-05-01 19:00:00,2025-05-01 22:00:00,15,3,1,0,0,26508468
1,2,235,17,60,123,2025-05-09 21:00:00,2025-05-10 02:00:00,63,4,2,0,0,25832938
0,3,13933,56,328,230,2025-05-04 06:00:00,2025-05-04 10:00:00,13,4,2,0,0,27530724
2,0,186,37,967,265,2025-05-06 18:00:00,2025-05-06 21:00:00,13,1,3,0,0,26175427
1,0,14102,32,74,227,2025-05-05 01:00:00,2025-05-05 07:00:00,21,3,1,0,0,26035496
1,1,1,64,968,194,2025-05-16 16:00:00,2025-05-16 22:00:00,107,4,1,0,0,26966941
1,2,13142,46,973,62,2025-05-07 07:00:00,2025-05-07 11:00:00,12,4,1,0,0,26219659
1,1,12301,58,878,188,2025-05-09 05:00:00,2025-05-09 14:00:00,12,4,1,0,0,25426914
2,2,12307,50,410,209,2025-05-12 08:00:00,2025-05-12 14:00:00,63,4,2,0,0,26840506
1,3,63604,3,50,110,2025-05-07 11:00:00,2025-05-07 20:00:00,21,4,2,0,0,26740271
2,2,12587,23,256,219,2025-05-03 01:00:00,2025-05-03 03:00:00,0,4,2,0,0,26032824
2,1,13552,25,327,161,2025-05-10 11:00:00,2025-05-10 17:00:00,63,4,3,0,0,26395082
2,1,13933,42,79,230,2025-05-01 09:00:00,2025-05-01 13:00:00,63,4,1,0,0,25510305
2,1,187,3,698,193,2025-05-07 04:00:00,2025-05-07 06:00:00,13,4,2,0,0,26000938
0,3,12301,2,1031,66,2025-05-03 09:00:00,2025-05-03 14:00:00,12,4,1,0,0,26023932
0,2,12307,9,881,193,2025-05-07 17:00:00,2025-05-07 20:00:00,0,3,2,0,0,26046068
1,2,12544,14,585,194,2025-05-15 14:00:00,2025-05-15 20:00:00,107,1,3,0,0,25366500
0,1,13142,26,142,230,2025-05-05 10:00:00,2025-05-05 18:00:00,107,1,2,0,0,27787695
0,2,13142,21,690,189,2025-05-18 18:00:00,2025-05-18 22:00:00,13,1,3,0,0,25774099
1,0,14152,33,62,123,2025-05-17 10:00:00,2025-05-17 14:00:00,21,4,1,0,0,25351406
1,0,12301,47,873,128,2025-05-13 00:00:00,2025-05-13 05:00:00,107,1,2,0,0,27452025
1,0,32,31,931,134,2025-05-08 17:00:00,2025-05-08 23:00:00,21,4,2,0,0,25875998
0,2,236,7,1016,97,2025-05-02 21:00:00,2025-05-03 04:00:00,12,3,2,0,0,26175444
0,3,2,58,183,106,2025-05-06 08:00:00,2025-05-06 14:00:00,108,1,1,0,0,26524119
1,3,114,38,941,197,2025-05-17 20:00:00,2025-05-18 03:00:00,63,3,3,0,0,25617691
2,3,12306,50,988,161,2025-05-14 05:00:00,2025-05-14 14:00:00,109,3,3,0,0,27609178
1,3,13933,46,561,233,2025-05-04 14:00:00,2025-05-04 18:00:00,0,4,2,0,0,26328801
2,0,12308,23,103,117,2025-05-11 08:00:00,2025-05-11 09:00:00,15,1,1,0,0,26489078
2,0,63604,9,920,142,2025-05-14 16:00:00,2025-05-15 01:00:00,15,3,3,0,0,27410074
1,1,13056,9,293,230,2025-05-11 16:00:00,2025-05-11 23:00:00,63,1,3,0,0,26354420
1,2,13933,41,373,186,2025-05-12 12:00:00,2025-05-12 16:00:00,63,3,3,0,0,27655646
1,2,12306,13,873,192,2025-05-12 13:00:00,2025-05-12 21:00:00,63,3,3,0,0,27044310
0,3,12544,46,782,65,2025-05-01 03:00:00,2025-05-01 10:00:00,0,4,3,0,0,26581728
2,0,12587,26,622,115,2025-05-03 16:00:00,2025-05-03 18:00:00,12,1,2,0,0,27231730
0,3,114,33,368,145,2025-05-09 09:00:00,2025-05-09 10:00:00,108,4,2,0,0,26652964
0,1,13987,2,783,221,2025-05-03 14:00:00,2025-05-03 23:00:00,63,4,2,0,0,27820697
1,2,12306,56,967,142,2025-05-06 22:00:00,2025-05-07 05:00:00,109,4,3,0,0,26937221
0,2,12305,17,643,193,2025-05-11 03:00:00,2025-05-11 04:00:00,108,4,3,0,0,26465214
1,3,119,34,622,203,2025-05-13 03:00:00,2025-05-13 07:00:00,0,4,3,0,0,26924605
2,1,4,6,789,202,2025-05-12 20:00:00,2025-05-13 01:00:00,63,3,2,0,0,26132147
1,2,299,24,943,165,2025-05-08 11:00:00,2025-05-08 16:00:00,0,1,3,0,0,27797160
0,1,12956,22,505,181,2025-05-08 05:00:00,2025-05-08 10:00:00,108,1,2,0,0,25341435
0,1,63604,8,89,258,2025-05-14 12:00:00,2025-05-14 15:00:00,21,4,3,0,0,26579190
1,3,13142,54,925,49,2025-05-18 04:00:00,2025-05-18 09:00:00,21,1,2,0,0,25748516
1,0,236,12,551,1,2025-05-05 14:00:00,2025-05-05 18:00:00,107,3,1,0,0,26057310
0,3,14102,36,897,169,2025-05-08 06:00:00,2025-05-08 11:00:00,15,4,3,0,0,27578152
2,0,119,49,385,162,2025-05-07 08:00:00,2025-05-07 15:00:00,21,3,3,0,0,26615392
2,1,12926,48,843,145,2025-05-17 15:00:00,2025-05-17 20:00:00,13,3,2,0,0,27773455
1,0,13933,34,969,181,2025-05-15 19:00:00,2025-05-16 03:00:00,21,4,3,0,0,27923098
2,1,236,24,841,169,2025-05-10 00:00:00,2025-05-10 08:00:00,12,3,2,0,0,27902104
0,2,32,23,572,101,2025-05-13 08:00:00,2025-05-13 11:00:00,63,4,2,0,0,27004780
1,2,235,17,142,197,2025-05-17 19:00:00,2025-05-18 00:00:00,12,3,1,0,0,27835242
0,2,12956,46,631,125,2025-05-18 11:00:00,2025-05-18 15:00:00,107,1,1,0,0,26053544
0,3,32,28,840,106,2025-05-10 23:00:00,2025-05-11 04:00:00,13,1,3,0,0,27451743
2,3,13417,11,446,206,2025-05-10 09:00:00,2025-05-10 17:00:00,21,1,3,0,0,27140802
1,1,12580,25,881,104,2025-05-08 17:00:00,2025-05-08 21:00:00,63,4,2,0,0,27712929
1,2,12301,63,881,1,2025-05-02 23:00:00,2025-05-03 04:00:00,13,3,2,0,0,27873956
2,3,13142,17,837,1,2025-05-17 01:00:00,2025-05-17 08:00:00,13,3,2,0,0,27890202
0,2,13203,21,265,1,2025-05-09 15:00:00,2025-05-09 18:00:00,12,1,2,0,0,27231730
0,3,12587,26,780,194,2025-05-07 12:00:00,2025-05-07 18:00:00,15,1,3,0,0,25408717
0,0,2,57,384,206,2025-05-10 08:00:00,2025-05-10 17:00:00,108,4,1,0,0,27099330
0,0,12301,16,21,185,2025-05-06 23:00:00,2025-05-07 03:00:00,15,4,3,0,0,27783246
1,2,12308,46,571,115,2025-05-18 10:00:00,2025-05-18 14:00:00,15,3,3,0,0,27307494
1,1,12587,11,160,267,2025-05-05 14:00:00,2025-05-05 20:00:00,108,4,3,0,0,25496697
2,3,13987,37,1038,103,2025-05-14 05:00:00,2025-05-14 11:00:00,21,4,1,0,0,27854343
2,3,12308,9,1031,233,2025-05-16 02:00:00,2025-05-16 05:00:00,13,4,3,0,0,25969696
1,0,327,45,368,55,2025-05-16 01:00:00,2025-05-16 02:00:00,13,1,1,0,0,27787148
1,0,327,32,765,49,2025-05-06 11:00:00,2025-05-06 14:00:00,15,1,2,0,0,27933556
0,1,13933,1,897,232,2025-05-05 16:00:00,2025-05-06 00:00:00,15,3,3,0,0,27017981
0,1,12545,55,665,257,2025-05-14 11:00:00,2025-05-14 19:00:00,0,4,2,0,0,26003290
2,1,63604,15,49,169,2025-05-04 16:00:00,2025-05-04 22:00:00,108,1,2,0,0,27961081
1,2,12956,25,398,244,2025-05-07 16:00:00,2025-05-07 23:00:00,12,4,2,0,0,25547976
2,0,13203,44,611,55,2025-05-14 21:00:00,2025-05-14 23:00:00,13,3,3,0,0,25740788
1,2,12544,6,779,143,2025-05-17 23:00:00,2025-05-18 08:00:00,12,4,2,0,0,27047728
0,0,25,25,160,221,2025-05-04 02:00:00,2025-05-04 05:00:00,63,3,3,0,0,27565047
2,0,13056,52,361,165,2025-05-12 16:00:00,2025-05-12 18:00:00,21,3,2,0,0,26395082
2,3,12306,12,537,55,2025-05-18 03:00:00,2025-05-18 08:00:00,15,1,3,0,0,25837206
1,0,12306,49,1034,162,2025-05-01 06:00:00,2025-05-01 07:00:00,0,4,3,0,0,26510676
0,0,12308,21,585,62,2025-05-05 16:00:00,2025-05-05 21:00:00,0,1,3,0,0,26035496
2,2,14102,53,505,125,2025-05-02 11:00:00,2025-05-02 15:00:00,63,4,2,0,0,27717114
0,0,186,44,904,54,2025-05-12 01:00:00,2025-05-12 07:00:00,21,4,3,0,0,26162458
2,2,13056,54,60,82,2025-05-05 16:00:00,2025-05-05 21:00:00,21,3,2,0,0,25735851
0,1,12301,28,672,219,2025-05-13 03:00:00,2025-05-13 12:00:00,107,3,1,0,0,27882228
1,0,12956,45,955,194,2025-05-10 06:00:00,2025-05-10 11:00:00,15,4,2,0,0,27629681
2,0,13417,26,481,215,2025-05-09 18:00:00,2025-05-10 02:00:00,108,1,2,0,0,27879027
2,2,13552,22,1037,61,2025-05-01 17:00:00,2025-05-01 19:00:00,108,3,3,0,0,27465554
0,1,32,15,545,61,2025-05-11 00:00:00,2025-05-11 03:00:00,109,3,2,0,0,27389852
0,3,12305,23,963,125,2025-05-06 13:00:00,2025-05-06 16:00:00,21,4,1,0,0,25529321
2,1,12580,1,772,143,2025-05-10 03:00:00,2025-05-10 06:00:00,12,4,3,0,0,27721695
1,2,236,5,164,209,2025-05-17 06:00:00,2025-05-17 12:00:00,63,3,2,0,0,27465554
0,1,12301,18,698,110,2025-05-05 05:00:00,2025-05-05 12:00:00,0,1,2,0,0,27778306
0,2,327,48,839,106,2025-05-06 19:00:00,2025-05-07 02:00:00,15,3,3,0,0,27705693
0,2,12305,11,841,229,2025-05-08 00:00:00,2025-05-08 07:00:00,63,4,3,0,0,27606656
2,3,1,36,930,129,2025-05-08 22:00:00,2025-05-09 01:00:00,13,3,2,0,0,26354420
2,0,2,28,851,104,2025-05-02 00:00:00,2025-05-02 01:00:00,107,4,2,0,0,27834188
2,2,13552,26,1037,230,2025-05-02 08:00:00,2025-05-02 14:00:00,0,3,3,0,0,27890202
2,2,13987,54,657,110,2025-05-15 06:00:00,2025-05-15 09:00:00,63,4,3,0,0,26465214
1,3,327,6,418,197,2025-05-14 16:00:00,2025-05-14 19:00:00,63,4,1,0,0,25545972
1,2,12545,40,931,82,2025-05-01 05:00:00,2025-05-01 08:00:00,107,1,1,0,0,26478052
2,0,12956,2,159,103,2025-05-09 01:00:00,2025-05-09 10:00:00,63,4,1,0,0,25450072
1,3,14102,37,621,165,2025-05-10 13:00:00,2025-05-10 17:00:00,0,3,3,0,0,27814746
0,0,12306,59,302,129,2025-05-06 16:00:00,2025-05-06 21:00:00,13,4,3,0,0,25547976
0,0,12587,8,47,115,2025-05-14 10:00:00,2025-05-14 13:00:00,0,3,3,0,0,26929299
0,3,32,9,1015,205,2025-05-17 15:00:00,2025-05-17 16:00:00,107,1,2,0,0,27932909
2,2,12301,60,686,104,2025-05-09 23:00:00,2025-05-10 03:00:00,13,3,3,0,0,27404820
0,0,12308,65,1031,196,2025-05-15 12:00:00,2025-05-15 13:00:00,108,1,2,0,0,25683821
1,0,327,47,201,267,2025-05-16 03:00:00,2025-05-16 10:00:00,15,1,3,0,0,25928752
2,0,299,29,900,204,2025-05-08 14:00:00,2025-05-08 21:00:00,21,4,3,0,0,26079310
1,0,114,49,517,161,2025-05-07 23:00:00,2025-05-08 03:00:00,108,1,2,0,0,27606656
0,3,13142,59,385,201,2025-05-12 17:00:00,2025-05-12 22:00:00,0,3,3,0,0,26754137
0,3,12350,16,845,54,2025-05-02 13:00:00,2025-05-02 20:00:00,13,1,3,0,0,27741385
0,1,12926,66,65,1,2025-05-07 18:00:00,2025-05-08 00:00:00,15,1,3,0,0,25408717
2,1,14152,22,1028,49,2025-05-06 21:00:00,2025-05-07 01:00:00,15,4,1,0,0,27530318
1,0,13987,36,991,61,2025-05-11 07:00:00,2025-05-11 11:00:00,107,3,3,0,0,26704585
2,2,13142,40,136,221,2025-05-18 22:00:00,2025-05-19 00:00:00,107,1,2,0,0,25532372
2,0,236,36,328,167,2025-05-05 06:00:00,2025-05-05 08:00:00,107,4,2,0,0,25447149
0,2,187,61,572,194,2025-05-09 06:00:00,2025-05-09 10:00:00,12,4,2,0,0,27291824
2,0,12956,57,600,66,2025-05-09 07:00:00,2025-05-09 12:00:00,0,3,3,0,0,26903867
2,1,2,24,183,186,2025-05-02 17:00:00,2025-05-02 21:00:00,109,4,2,0,0,25924283
0,1,12956,38,949,188,2025-05-07 02:00:00,2025-05-07 05:00:00,63,1,1,0,0,27776052
2,2,12544,7,911,161,2025-05-03 17:00:00,2025-05-03 19:00:00,21,4,2,0,0,26046068
0,0,236,45,853,257,2025-05-18 22:00:00,2025-05-19 02:00:00,107,3,3,0,0,27655644
0,2,12307,1,462,60,2025-05-09 00:00:00,2025-05-09 05:00:00,21,3,1,0,0,27891661
0,1,14152,52,644,82,2025-05-13 09:00:00,2025-05-13 10:00:00,12,4,2,0,0,27895260
0,0,13417,29,833,163,2025-05-02 13:00:00,2025-05-02 14:00:00,21,1,1,0,0,26395078
2,0,13417,28,381,203,2025-05-06 20:00:00,2025-05-07 02:00:00,0,4,2,0,0,26236232
0,2,327,32,323,54,2025-05-05 09:00:00,2025-05-05 14:00:00,13,3,3,0,0,27849631
0,3,14152,21,858,230,2025-05-18 19:00:00,2025-05-18 23:00:00,109,4,1,0,0,26455054
2,2,13142,27,1030,209,2025-05-07 07:00:00,2025-05-07 08:00:00,109,4,2,0,0,27530318
2,1,32,2,65,225,2025-05-15 15:00:00,2025-05-15 22:00:00,63,1,2,0,0,26030116
1,1,13933,56,578,193,2025-05-18 05:00:00,2025-05-18 09:00:00,107,4,1,0,0,26907466
2,1,12306,30,888,129,2025-05-14 13:00:00,2025-05-14 16:00:00,21,1,1,0,0,27531539
2,1,12926,37,49,258,2025-05-02 13:00:00,2025-05-02 20:00:00,12,4,1,0,0,25894761
1,1,12956,18,782,203,2025-05-05 00:00:00,2025-05-05 02:00:00,13,4,1,0,0,27102999
2,3,32,65,1037,185,2025-05-05 11:00:00,2025-05-05 12:00:00,109,1,2,0,0,25366936
2,0,235,9,781,134,2025-05-05 22:00:00,2025-05-06 02:00:00,108,1,2,0,0,26971771
2,2,235,21,379,162,2025-05-07 06:00:00,2025-05-07 14:00:00,109,3,2,0,0,27099330
2,2,12305,36,592,205,2025-05-04 01:00:00,2025-05-04 07:00:00,13,1,3,0,0,26028120
1,1,1,17,89,161,2025-05-03 08:00:00,2025-05-03 17:00:00,0,4,1,0,0,25441905
2,2,187,0,265,208,2025-05-16 05:00:00,2025-05-16 06:00:00,21,3,2,0,0,26232182
2,1,187,54,328,104,2025-05-14 22:00:00,2025-05-14 23:00:00,15,1,1,0,0,25843752
1,3,12301,60,293,142,2025-05-11 11:00:00,2025-05-11 16:00:00,12,1,1,0,0,25850108
0,3,119,19,918,55,2025-05-17 22:00:00,2025-05-18 04:00:00,63,3,2,0,0,27636012
1,0,12956,66,695,198,2025-05-13 03:00:00,2025-05-13 11:00:00,108,4,1,0,0,26584136
0,3,13417,37,351,1,2025-05-14 00:00:00,2025-05-14 03:00:00,107,4,1,0,0,27913685
1,3,13417,35,117,196,2025-05-11 14:00:00,2025-05-11 20:00:00,107,3,1,0,0,26774397
1,0,236,10,1016,97,2025-05-11 13:00:00,2025-05-11 16:00:00,107,4,1,0,0,26987528
2,2,199,42,317,103,2025-05-17 00:00:00,2025-05-17 08:00:00,108,1,1,0,0,27578101
0,1,12306,42,939,230,2025-05-11 18:00:00,2025-05-11 22:00:00,13,4,2,0,0,25306115
2,1,236,55,861,215,2025-05-12 05:00:00,2025-05-12 07:00:00,63,1,2,0,0,25876623
0,2,12587,57,963,66,2025-05-02 09:00:00,2025-05-02 18:00:00,109,4,1,0,0,25556688
1,0,32,43,679,110,2025-05-14 13:00:00,2025-05-14 21:00:00,15,1,1,0,0,26832300
1,2,119,53,419,61,2025-05-14 12:00:00,2025-05-14 18:00:00,63,3,1,0,0,27333317
0,3,12306,9,1050,267,2025-05-10 21:00:00,2025-05-11 00:00:00,15,1,3,0,0,25668011
2,0,12350,26,316,166,2025-05-08 10:00:00,2025-05-08 12:00:00,12,4,1,0,0,27965193
2,0,13933,1,674,143,2025-05-05 07:00:00,2025-05-05 11:00:00,13,1,3,0,0,25332127
2,0,186,35,333,201,2025-05-02 04:00:00,2025-05-02 08:00:00,12,4,3,0,0,25856649
2,1,235,36,561,265,2025-05-10 10:00:00,2025-05-10 11:00:00,13,4,3,0,0,27469314
1,2,13552,59,1032,166,2025-05-10 15:00:00,2025-05-11 00:00:00,21,1,2,0,0,26642153
1,0,12545,1,366,134,2025-05-13 15:00:00,2025-05-13 23:00:00,109,4,3,0,0,27719323
1,0,12305,39,161,265,2025-05-15 13:00:00,2025-05-15 20:00:00,0,3,1,0,0,27796748
1,0,12305,62,373,101,2025-05-14 22:00:00,2025-05-15 04:00:00,0,4,1,0,0,26971684
1,2,199,54,622,165,2025-05-05 20:00:00,2025-05-05 23:00:00,13,3,2,0,0,27862074
2,1,186,66,89,196,2025-05-09 14:00:00,2025-05-09 18:00:00,0,3,2,0,0,26057310
2,3,12544,21,975,216,2025-05-17 15:00:00,2025-05-17 17:00:00,108,4,1,0,0,25772530
2,1,12956,63,911,232,2025-05-08 16:00:00,2025-05-08 23:00:00,63,3,2,0,0,25796476
2,0,327,39,954,258,2025-05-06 17:00:00,2025-05-06 19:00:00,12,3,2,0,0,27102999
1,1,12307,30,674,55,2025-05-17 18:00:00,2025-05-17 19:00:00,21,1,3,0,0,25643676
1,1,12308,34,1046,181,2025-05-14 10:00:00,2025-05-14 16:00:00,109,3,3,0,0,26301333
1,3,13056,33,1032,208,2025-05-07 19:00:00,2025-05-07 23:00:00,109,3,2,0,0,27964308
0,2,114,19,896,55,2025-05-17 03:00:00,2025-05-17 11:00:00,21,3,1,0,0,27431617
2,2,13933,43,881,199,2025-05-04 02:00:00,2025-05-04 03:00:00,107,3,3,0,0,25552400
2,1,12308,3,545,230,2025-05-10 16:00:00,2025-05-11 01:00:00,107,3,1,0,0,25756772
1,1,13056,21,150,233,2025-05-18 08:00:00,2025-05-18 14:00:00,107,4,2,0,0,26023932
2,2,13056,7,1006,181,2025-05-12 19:00:00,2025-05-12 21:00:00,21,3,1,0,0,26501610
2,2,12926,3,446,82,2025-05-16 16:00:00,2025-05-17 00:00:00,0,4,1,0,0,26925481
1,3,119,30,516,104,2025-05-11 14:00:00,2025-05-11 19:00:00,15,4,1,0,0,26916866
0,0,25,34,843,216,2025-05-01 08:00:00,2025-05-01 13:00:00,21,4,1,0,0,26721470
0,1,299,16,935,65,2025-05-09 10:00:00,2025-05-09 15:00:00,0,1,2,0,0,27707319
0,2,12587,51,895,115,2025-05-17 05:00:00,2025-05-17 12:00:00,63,1,2,0,0,27638177
1,1,12545,45,293,125,2025-05-16 18:00:00,2025-05-17 01:00:00,21,4,3,0,0,26114607
2,1,119,11,101,134,2025-05-13 16:00:00,2025-05-13 23:00:00,12,1,3,0,0,26367665
1,2,235,7,378,103,2025-05-04 18:00:00,2025-05-04 20:00:00,0,3,3,0,0,26774397
1,3,119,16,587,181,2025-05-16 20:00:00,2025-05-17 04:00:00,109,4,3,0,0,26354420
2,1,2,36,937,55,2025-05-14 19:00:00,2025-05-14 20:00:00,13,4,1,0,0,25397562
0,3,12350,46,1060,169,2025-05-07 05:00:00,2025-05-07 07:00:00,13,4,3,0,0,27045281
0,2,12308,64,283,183,2025-05-15 23:00:00,2025-05-16 06:00:00,21,1,3,0,0,25796476
1,0,13417,48,1014,194,2025-05-08 07:00:00,2025-05-08 11:00:00,12,1,1,0,0,27962045
0,0,186,57,614,62,2025-05-17 20:00:00,2025-05-18 05:00:00,12,1,2,0,0,26876890
1,1,12305,10,631,181,2025-05-02 08:00:00,2025-05-02 17:00:00,13,3,3,0,0,27628208
1,2,13203,25,301,165,2025-05-08 15:00:00,2025-05-08 18:00:00,0,1,2,0,0,27712946
2,3,13933,38,505,129,2025-05-07 12:00:00,2025-05-07 15:00:00,63,4,3,0,0,27578101
2,1,12545,47,170,123,2025-05-03 04:00:00,2025-05-03 13:00:00,21,1,2,0,0,26652964
2,2,13203,1,662,208,2025-05-13 07:00:00,2025-05-13 15:00:00,63,1,3,0,0,27803145
1,2,14102,38,308,233,2025-05-09 09:00:00,2025-05-09 10:00:00,107,1,2,0,0,27862074
2,3,12305,27,1032,203,2025-05-12 09:00:00,2025-05-12 15:00:00,15,1,2,0,0,26126165
0,1,13056,10,94,115,2025-05-08 06:00:00,2025-05-08 13:00:00,108,4,3,0,0,26035496
0,2,13417,43,250,219,2025-05-11 03:00:00,2025-05-11 11:00:00,107,1,2,0,0,25683821
1,2,4,6,69,221,2025-05-12 04:00:00,2025-05-12 06:00:00,109,4,3,0,0,27787695
1,2,299,54,251,143,2025-05-18 02:00:00,2025-05-18 03:00:00,108,1,3,0,0,25741466
2,3,12544,48,578,238,2025-05-04 01:00:00,2025-05-04 05:00:00,109,3,1,0,0,26395078
1,1,12926,57,772,244,2025-05-04 23:00:00,2025-05-05 00:00:00,21,3,3,0,0,25748516
1,1,119,54,545,145,2025-05-16 00:00:00,2025-05-16 02:00:00,107,4,3,0,0,27824690
0,1,12587,53,21,204,2025-05-08 04:00:00,2025-05-08 07:00:00,12,4,3,0,0,25433187
0,1,32,47,894,197,2025-05-17 02:00:00,2025-05-17 06:00:00,13,3,3,0,0,26423624
2,0,236,38,419,225,2025-05-17 21:00:00,2025-05-18 03:00:00,13,3,1,0,0,27873337
1,0,199,36,150,209,2025-05-07 10:00:00,2025-05-07 18:00:00,63,1,1,0,0,25713463
1,1,12580,32,159,229,2025-05-08 14:00:00,2025-05-08 23:00:00,108,3,1,0,0,26032824
0,3,12587,27,632,232,2025-05-14 10:00:00,2025-05-14 14:00:00,107,4,1,0,0,26501610
1,0,12308,36,379,103,2025-05-13 00:00:00,2025-05-13 01:00:00,13,4,2,0,0,27644876
0,2,119,27,415,216,2025-05-11 17:00:00,2025-05-11 22:00:00,0,3,3,0,0,27231730
2,0,13552,57,991,206,2025-05-04 02:00:00,2025-05-04 07:00:00,12,4,1,0,0,26701013
0,2,4,63,89,82,2025-05-08 05:00:00,2025-05-08 14:00:00,109,1,3,0,0,27734896
1,1,14102,52,892,101,2025-05-14 17:00:00,2025-05-14 23:00:00,21,1,1,0,0,27877313
2,0,186,55,703,267,2025-05-10 14:00:00,2025-05-10 19:00:00,63,3,3,0,0,27966235
0,3,13203,22,251,185,2025-05-11 06:00:00,2025-05-11 11:00:00,108,4,2,0,0,27333317
0,0,299,57,182,258,2025-05-07 16:00:00,2025-05-08 00:00:00,15,3,1,0,0,27867152
2,0,1,1,1034,216,2025-05-08 17:00:00,2025-05-08 18:00:00,13,4,2,0,0,26565270
2,0,119,18,657,208,2025-05-17 06:00:00,2025-05-17 11:00:00,63,4,2,0,0,27694936
0,1,13987,42,890,163,2025-05-06 22:00:00,2025-05-06 23:00:00,0,4,3,0,0,27849631
1,3,1,33,918,101,2025-05-12 17:00:00,2025-05-13 00:00:00,0,1,1,0,0,26642153
0,0,12580,30,471,232,2025-05-17 10:00:00,2025-05-17 17:00:00,108,4,2,0,0,25632943
2,3,199,27,118,219,2025-05-06 07:00:00,2025-05-06 15:00:00,108,1,3,0,0,25432492
0,1,327,13,60,129,2025-05-07 21:00:00,2025-05-08 04:00:00,13,4,3,0,0,26521991
2,2,119,3,967,208,2025-05-02 02:00:00,2025-05-02 11:00:00,107,3,3,0,0,27909994
2,0,236,17,0,197,2025-05-11 05:00:00,2025-05-11 13:00:00,21,1,2,0,0,25306349
1,3,4,29,1030,125,2025-05-06 14:00:00,2025-05-06 22:00:00,109,1,3,0,0,27731128
2,3,13933,34,921,257,2025-05-17 00:00:00,2025-05-17 03:00:00,109,1,3,0,0,26524119
2,1,236,50,896,143,2025-05-09 09:00:00,2025-05-09 13:00:00,107,3,3,0,0,26465742
1,0,2,3,150,128,2025-05-01 20:00:00,2025-05-02 00:00:00,0,1,2,0,0,25554901
2,2,12350,47,925,202,2025-05-04 06:00:00,2025-05-04 07:00:00,12,3,3,0,0,25949711
1,3,12307,27,11,117,2025-05-07 13:00:00,2025-05-07 19:00:00,21,4,2,0,0,26924605
1,0,186,59,266,219,2025-05-04 21:00:00,2025-05-04 23:00:00,13,4,3,0,0,27099330
2,2,186,62,977,189,2025-05-01 07:00:00,2025-05-01 16:00:00,107,3,2,0,0,25772530
2,3,12544,51,831,162,2025-05-15 02:00:00,2025-05-15 03:00:00,21,1,2,0,0,26279987
0,3,199,9,632,232,2025-05-11 18:00:00,2025-05-11 19:00:00,109,1,1,0,0,25558232
1,2,2,3,967,189,2025-05-03 06:00:00,2025-05-03 12:00:00,21,3,1,0,0,26786626
0,2,12350,50,943,60,2025-05-17 14:00:00,2025-05-17 15:00:00,108,4,1,0,0,25900069
2,1,12926,66,27,123,2025-05-02 11:00:00,2025-05-02 14:00:00,63,3,2,0,0,27902104
0,0,12307,53,1034,125,2025-05-01 05:00:00,2025-05-01 07:00:00,108,1,3,0,0,26966941
1,0,12305,61,695,238,2025-05-16 16:00:00,2025-05-17 01:00:00,107,1,3,0,0,25904259
0,1,186,24,869,203,2025-05-02 17:00:00,2025-05-02 22:00:00,13,1,2,0,0,25423789
1,3,12350,57,963,145,2025-05-03 01:00:00,2025-05-03 07:00:00,15,1,3,0,0,27940858
2,2,12308,16,340,207,2025-05-05 15:00:00,2025-05-05 17:00:00,15,4,2,0,0,26993693
2,2,13552,29,840,55,2025-05-07 01:00:00,2025-05-07 09:00:00,21,4,3,0,0,25751942
1,2,12544,50,1052,189,2025-05-10 13:00:00,2025-05-10 19:00:00,15,4,2,0,0,27776052
2,3,12350,8,516,143,2025-05-09 18:00:00,2025-05-10 02:00:00,0,1,1,0,0,27384424
2,2,12305,54,578,162,2025-05-13 17:00:00,2025-05-14 01:00:00,109,1,1,0,0,27965879
2,2,12956,32,1032,65,2025-05-02 05:00:00,2025-05-02 06:00:00,0,1,3,0,0,27684062
2,1,12580,40,516,189,2025-05-13 06:00:00,2025-05-13 13:00:00,21,3,3,0,0,27208588
1,3,12308,65,843,111,2025-05-05 19:00:00,2025-05-05 21:00:00,0,1,3,0,0,25796476
0,0,235,37,571,49,2025-05-17 11:00:00,2025-05-17 19:00:00,109,4,3,0,0,26918309
0,1,12301,48,25,115,2025-05-10 09:00:00,2025-05-10 11:00:00,13,4,1,0,0,27800340
2,1,12956,54,182,165,2025-05-03 10:00:00,2025-05-03 14:00:00,108,4,1,0,0,27890202
0,0,14152,44,308,60,2025-05-04 03:00:00,2025-05-04 05:00:00,13,3,2,0,0,27894304
0,1,14102,35,398,125,2025-05-18 19:00:00,2025-05-19 02:00:00,0,4,3,0,0,27911131
2,3,2,37,1031,82,2025-05-09 23:00:00,2025-05-10 04:00:00,0,3,1,0,0,27421222
2,2,12956,63,351,176,2025-05-06 11:00:00,2025-05-06 20:00:00,107,3,2,0,0,27264623
0,3,14152,41,1031,181,2025-05-18 11:00:00,2025-05-18 16:00:00,63,3,2,0,0,26944369
1,0,12545,47,183,1,2025-05-13 15:00:00,2025-05-13 23:00:00,63,1,2,0,0,27097234
2,0,12308,23,563,49,2025-05-17 13:00:00,2025-05-17 15:00:00,0,1,1,0,0,25351406
1,1,13552,22,537,197,2025-05-04 08:00:00,2025-05-04 11:00:00,108,4,2,0,0,26269881
0,3,186,11,361,206,2025-05-13 16:00:00,2025-05-13 22:00:00,107,4,3,0,0,25590537
2,3,12301,53,632,166,2025-05-03 18:00:00,2025-05-04 01:00:00,15,3,2,0,0,27361275
1,0,13552,49,785,163,2025-05-10 13:00:00,2025-05-10 21:00:00,12,1,2,0,0,25869616
2,3,12350,65,894,134,2025-05-14 20:00:00,2025-05-14 23:00:00,108,4,1,0,0,27834860
0,0,235,51,1007,66,2025-05-17 08:00:00,2025-05-17 15:00:00,0,4,2,0,0,25796476
1,3,14152,41,943,176,2025-05-12 12:00:00,2025-05-12 20:00:00,0,1,1,0,0,25306115
0,3,63604,12,698,230,2025-05-16 00:00:00,2025-05-16 06:00:00,108,3,1,0,0,27943620
0,3,13987,8,665,123,2025-05-03 23:00:00,2025-05-04 03:00:00,21,4,3,0,0,26510273
2,0,236,61,928,205,2025-05-09 16:00:00,2025-05-09 22:00:00,107,4,2,0,0,27856870
1,1,12350,36,929,188,2025-05-12 07:00:00,2025-05-12 16:00:00,0,1,3,0,0,26754137
0,3,299,18,863,163,2025-05-06 23:00:00,2025-05-07 02:00:00,12,1,3,0,0,27569628
0,0,12306,54,965,183,2025-05-11 10:00:00,2025-05-11 12:00:00,15,3,2,0,0,25748516
1,0,114,2,894,192,2025-05-12 19:00:00,2025-05-13 00:00:00,13,3,2,0,0,25578368
0,3,2,32,238,244,2025-05-08 10:00:00,2025-05-08 17:00:00,109,4,1,0,0,26565836
0,3,12306,41,1041,169,2025-05-04 07:00:00,2025-05-04 10:00:00,12,3,2,0,0,26155868
1,1,12587,23,902,117,2025-05-03 08:00:00,2025-05-03 13:00:00,109,4,1,0,0,25846400
1,0,14152,40,970,101,2025-05-16 05:00:00,2025-05-16 09:00:00,21,4,3,0,0,27943629
1,0,13987,37,711,183,2025-05-13 19:00:00,2025-05-14 02:00:00,12,1,3,0,0,26998557
1,2,187,55,833,181,2025-05-08 05:00:00,2025-05-08 07:00:00,63,4,1,0,0,26572191
2,0,12926,9,689,205,2025-05-10 21:00:00,2025-05-11 04:00:00,21,1,2,0,0,27923098
1,1,186,40,891,66,2025-05-07 21:00:00,2025-05-07 23:00:00,63,4,2,0,0,27932909
2,2,12301,28,1040,203,2025-05-04 11:00:00,2025-05-04 14:00:00,15,4,1,0,0,27926060
2,2,199,19,177,183,2025-05-02 23:00:00,2025-05-03 04:00:00,15,4,3,0,0,27764027
2,2,299,48,963,143,2025-05-06 06:00:00,2025-05-06 13:00:00,15,3,1,0,0,27697732
0,3,119,0,149,238,2025-05-08 00:00:00,2025-05-08 06:00:00,21,3,2,0,0,25722331
2,3,299,34,551,267,2025-05-15 17:00:00,2025-05-16 00:00:00,15,1,2,0,0,27854343
2,0,13056,18,149,238,2025-05-16 13:00:00,2025-05-16 19:00:00,108,4,1,0,0,26699573
0,2,114,2,658,1,2025-05-15 12:00:00,2025-05-15 13:00:00,109,1,2,0,0,26219659
0,1,187,49,461,203,2025-05-03 18:00:00,2025-05-03 23:00:00,109,1,3,0,0,26144109
0,3,13552,60,1001,101,2025-05-14 17:00:00,2025-05-14 18:00:00,107,4,1,0,0,27004776
1,1,114,59,925,197,2025-05-15 03:00:00,2025-05-15 10:00:00,63,3,3,0,0,27425946
0,1,12926,16,182,61,2025-05-09 01:00:00,2025-05-09 05:00:00,109,3,3,0,0,26641271
0,3,12587,27,931,196,2025-05-07 10:00:00,2025-05-07 15:00:00,0,1,1,0,0,26982100
2,3,13552,53,841,1,2025-05-07 15:00:00,2025-05-07 16:00:00,109,3,1,0,0,26274730
0,3,14102,1,25,227,2025-05-08 15:00:00,2025-05-08 23:00:00,0,4,2,0,0,27833420
1,3,13552,28,991,129,2025-05-12 01:00:00,2025-05-12 05:00:00,107,4,2,0,0,26740271
0,2,25,22,366,198,2025-05-07 23:00:00,2025-05-08 02:00:00,21,3,1,0,0,27386300
1,2,13417,13,973,227,2025-05-07 00:00:00,2025-05-07 01:00:00,12,3,1,0,0,25336932
0,2,327,27,889,216,2025-05-08 17:00:00,2025-05-08 21:00:00,107,1,2,0,0,25432430
0,2,12544,47,618,62,2025-05-16 13:00:00,2025-05-16 16:00:00,109,3,2,0,0,25856649
0,0,12305,52,618,227,2025-05-15 16:00:00,2025-05-16 00:00:00,109,1,2,0,0,25750098
0,2,13552,51,834,221,2025-05-11 21:00:00,2025-05-12 06:00:00,63,4,1,0,0,27482718
1,3,2,32,340,265,2025-05-18 14:00:00,2025-05-18 19:00:00,21,4,1,0,0,25758493
1,1,2,31,614,194,2025-05-12 09:00:00,2025-05-12 18:00:00,107,4,2,0,0,26156163
2,2,25,21,251,216,2025-05-14 15:00:00,2025-05-14 16:00:00,15,3,3,0,0,26466735
1,0,13987,12,900,199,2025-05-15 08:00:00,2025-05-15 15:00:00,12,3,3,0,0,25668011
0,3,13552,47,850,55,2025-05-10 06:00:00,2025-05-10 13:00:00,108,3,2,0,0,25501779
2,1,12308,34,878,209,2025-05-02 17:00:00,2025-05-02 23:00:00,108,1,1,0,0,26909446
2,1,12545,60,505,202,2025-05-01 03:00:00,2025-05-01 07:00:00,108,1,1,0,0,27833420
2,2,12587,26,11,128,2025-05-12 11:00:00,2025-05-12 20:00:00,107,1,3,0,0,27855914
0,1,235,41,461,265,2025-05-12 19:00:00,2025-05-12 22:00:00,15,4,2,0,0,27863529
1,2,12956,41,698,167,2025-05-18 15:00:00,2025-05-18 16:00:00,13,1,3,0,0,25332127
0,2,199,26,368,129,2025-05-09 00:00:00,2025-05-09 02:00:00,108,3,3,0,0,27099330
2,3,12580,36,74,232,2025-05-05 07:00:00,2025-05-05 10:00:00,13,3,2,0,0,27852905
0,3,12587,49,869,197,2025-05-11 06:00:00,2025-05-11 08:00:00,12,4,3,0,0,25555555
0,0,12301,1,850,188,2025-05-13 11:00:00,2025-05-13 17:00:00,63,3,1,0,0,26876890
1,3,12307,62,939,244,2025-05-01 22:00:00,2025-05-02 05:00:00,15,3,3,0,0,25432440
1,3,12545,51,471,123,2025-05-13 14:00:00,2025-05-13 19:00:00,63,3,2,0,0,27926060
2,2,187,42,792,167,2025-05-01 12:00:00,2025-05-01 17:00:00,21,1,1,0,0,26967106
0,3,13417,65,149,206,2025-05-06 23:00:00,2025-05-07 06:00:00,21,1,1,0,0,27361275
0,2,236,8,773,176,2025-05-10 01:00:00,2025-05-10 07:00:00,108,3,3,0,0,25715410
1,2,199,9,955,167,2025-05-08 14:00:00,2025-05-08 22:00:00,63,3,1,0,0,27039719
0,3,12956,55,1060,232,2025-05-15 14:00:00,2025-05-15 23:00:00,107,3,2,0,0,27784772
0,0,12306,4,461,128,2025-05-11 01:00:00,2025-05-11 03:00:00,13,3,3,0,0,27928893
0,0,14152,37,902,223,2025-05-09 00:00:00,2025-05-09 02:00:00,108,1,1,0,0,26095945
1,1,12580,4,888,167,2025-05-12 07:00:00,2025-05-12 08:00:00,13,4,2,0,0,25374095
2,1,299,2,901,225,2025-05-16 14:00:00,2025-05-16 21:00:00,109,3,3,0,0,26515428
2,3,12544,66,920,62,2025-05-07 20:00:00,2025-05-08 00:00:00,109,1,2,0,0,25645958
0,0,13417,24,545,129,2025-05-08 11:00:00,2025-05-08 20:00:00,109,3,1,0,0,27779708
2,2,12301,32,838,199,2025-05-05 20:00:00,2025-05-06 02:00:00,21,4,3,0,0,25447169
1,1,12308,44,779,183,2025-05-12 01:00:00,2025-05-12 08:00:00,0,1,3,0,0,26627372
1,2,12301,27,611,198,2025-05-16 17:00:00,2025-05-17 00:00:00,21,1,1,0,0,26232182
2,1,13552,0,855,185,2025-05-02 13:00:00,2025-05-02 21:00:00,12,4,2,0,0,27879557
2,3,12307,40,541,125,2025-05-02 19:00:00,2025-05-02 23:00:00,63,4,1,0,0,25969354
0,0,13056,55,886,232,2025-05-15 14:00:00,2025-05-15 17:00:00,109,1,3,0,0,27855914
2,1,12306,44,762,49,2025-05-04 01:00:00,2025-05-04 04:00:00,109,4,3,0,0,27004780
0,0,235,36,63,106,2025-05-16 08:00:00,2025-05-16 16:00:00,12,3,1,0,0,26279987
0,2,12350,7,162,166,2025-05-10 09:00:00,2025-05-10 12:00:00,15,4,2,0,0,26901830
1,3,12956,15,238,162,2025-05-13 18:00:00,2025-05-14 02:00:00,0,4,1,0,0,26636892
1,0,12544,55,527,61,2025-05-13 19:00:00,2025-05-13 21:00:00,15,1,2,0,0,25440279
1,3,13417,34,142,204,2025-05-15 11:00:00,2025-05-15 16:00:00,21,4,2,0,0,27867152
1,0,327,23,780,97,2025-05-14 02:00:00,2025-05-14 07:00:00,15,1,3,0,0,27779708
2,2,4,55,293,60,2025-05-01 12:00:00,2025-05-01 19:00:00,107,3,2,0,0,26028120
1,2,327,32,545,185,2025-05-18 16:00:00,2025-05-18 21:00:00,108,4,3,0,0,26506589
2,3,12306,37,571,134,2025-05-01 11:00:00,2025-05-01 20:00:00,21,4,2,0,0,27891607
1,2,12545,10,898,97,2025-05-03 01:00:00,2025-05-03 04:00:00,109,1,2,0,0,27774065
2,1,4,18,366,206,2025-05-14 00:00:00,2025-05-14 09:00:00,21,1,3,0,0,27919520
0,0,114,64,561,163,2025-05-11 08:00:00,2025-05-11 09:00:00,15,4,2,0,0,25972445
2,2,1,10,364,169,2025-05-05 22:00:00,2025-05-06 01:00:00,13,1,1,0,0,26998557
2,1,1,2,888,143,2025-05-03 08:00:00,2025-05-03 12:00:00,21,4,2,0,0,25470530
1,3,187,30,592,233,2025-05-08 13:00:00,2025-05-08 19:00:00,63,3,3,0,0,27787695
2,1,187,3,886,104,2025-05-11 23:00:00,2025-05-12 07:00:00,21,4,3,0,0,26274941
0,3,13056,53,101,258,2025-05-05 09:00:00,2025-05-05 16:00:00,13,3,1,0,0,25471133
0,3,1,11,150,128,2025-05-08 22:00:00,2025-05-09 06:00:00,0,3,2,0,0,26266750
1,0,12301,48,915,233,2025-05-06 16:00:00,2025-05-06 22:00:00,13,1,1,0,0,26909782
0,0,14102,19,1060,258,2025-05-08 19:00:00,2025-05-09 01:00:00,13,1,2,0,0,26831915
2,1,12350,12,265,134,2025-05-05 23:00:00,2025-05-06 05:00:00,21,1,1,0,0,27686752
0,0,12544,40,441,123,2025-05-11 01:00:00,2025-05-11 04:00:00,12,1,3,0,0,25552402
1,0,13933,15,1,186,2025-05-14 06:00:00,2025-05-14 10:00:00,107,4,3,0,0,25308572
2,0,12307,63,643,61,2025-05-03 23:00:00,2025-05-04 05:00:00,12,3,1,0,0,26909782
1,1,12956,42,896,115,2025-05-11 02:00:00,2025-05-11 09:00:00,13,4,2,0,0,27263873
2,2,13056,41,266,189,2025-05-06 10:00:00,2025-05-06 13:00:00,21,3,2,0,0,27017981
0,0,14152,40,600,194,2025-05-12 04:00:00,2025-05-12 08:00:00,107,3,3,0,0,27266155
1,0,12350,4,904,65,2025-05-17 08:00:00,2025-05-17 14:00:00,109,3,2,0,0,26366700
1,1,4,34,631,82,2025-05-03 03:00:00,2025-05-03 04:00:00,63,4,1,0,0,27692207
2,2,186,25,894,186,2025-05-03 13:00:00,2025-05-03 20:00:00,15,1,1,0,0,27737174
1,0,12308,63,1014,181,2025-05-05 22:00:00,2025-05-05 23:00:00,107,4,2,0,0,26247103
2,3,114,17,772,229,2025-05-16 04:00:00,2025-05-16 13:00:00,109,3,3,0,0,27702529
2,1,13056,64,657,165,2025-05-11 23:00:00,2025-05-12 08:00:00,109,4,3,0,0,27774065
2,0,2,10,947,166,2025-05-10 22:00:00,2025-05-11 07:00:00,63,3,3,0,0,25717440
2,0,12926,47,897,219,2025-05-15 14:00:00,2025-05-15 18:00:00,108,1,3,0,0,27623866
0,3,13933,29,672,169,2025-05-16 20:00:00,2025-05-16 22:00:00,0,1,3,0,0,27779708
2,3,186,38,923,198,2025-05-11 14:00:00,2025-05-11 21:00:00,63,4,1,0,0,27847843
1,1,119,61,160,197,2025-05-08 04:00:00,2025-05-08 08:00:00,0,1,2,0,0,27825455
0,1,14152,58,865,233,2025-05-13 20:00:00,2025-05-14 01:00:00,108,3,1,0,0,27189111
1,3,12956,43,799,143,2025-05-10 20:00:00,2025-05-10 21:00:00,108,3,3,0,0,26150425
0,1,14152,14,1056,103,2025-05-14 06:00:00,2025-05-14 12:00:00,63,1,3,0,0,27858288
2,3,13987,3,937,267,2025-05-04 22:00:00,2025-05-05 05:00:00,0,1,2,0,0,26114607
0,0,1,44,933,167,2025-05-15 00:00:00,2025-05-15 03:00:00,12,1,2,0,0,27606656
0,3,12956,20,94,143,2025-05-03 08:00:00,2025-05-03 10:00:00,15,4,2,0,0,26340062
1,3,13987,19,150,54,2025-05-17 18:00:00,2025-05-18 01:00:00,12,4,1,0,0,27508311
1,2,13417,9,481,143,2025-05-03 18:00:00,2025-05-03 19:00:00,0,3,2,0,0,27879027
2,3,12580,12,159,162,2025-05-02 21:00:00,2025-05-02 23:00:00,109,4,1,0,0,26475192
0,3,13933,0,536,202,2025-05-04 21:00:00,2025-05-05 00:00:00,15,4,3,0,0,27652677
0,2,12956,51,954,207,2025-05-06 17:00:00,2025-05-06 21:00:00,108,3,1,0,0,25432463
0,1,12545,20,481,176,2025-05-16 08:00:00,2025-05-16 13:00:00,109,3,2,0,0,26541463
2,2,13933,26,316,123,2025-05-04 20:00:00,2025-05-05 00:00:00,108,1,1,0,0,25979616
2,0,12926,50,789,163,2025-05-10 15:00:00,2025-05-10 18:00:00,0,1,1,0,0,25674752
2,2,4,0,478,115,2025-05-17 17:00:00,2025-05-17 18:00:00,63,4,1,0,0,25842968
2,0,12350,36,618,216,2025-05-17 11:00:00,2025-05-17 18:00:00,109,3,2,0,0,27873956
2,1,12305,1,695,198,2025-05-03 00:00:00,2025-05-03 06:00:00,107,4,1,0,0,27282748
1,2,13987,31,887,257,2025-05-01 22:00:00,2025-05-02 00:00:00,109,4,2,0,0,26366733
0,2,12350,10,923,202,2025-05-03 13:00:00,2025-05-03 15:00:00,13,3,1,0,0,26786626
0,1,12307,41,665,104,2025-05-12 02:00:00,2025-05-12 05:00:00,108,3,1,0,0,27686752
0,0,13933,13,516,115,2025-05-14 16:00:00,2025-05-15 00:00:00,0,3,1,0,0,27359528
0,2,12307,31,11,181,2025-05-05 21:00:00,2025-05-06 05:00:00,13,3,2,0,0,27955025
0,0,12587,28,762,188,2025-05-04 15:00:00,2025-05-04 23:00:00,21,4,2,0,0,26560322
0,2,13142,4,118,206,2025-05-04 16:00:00,2025-05-04 23:00:00,107,4,2,0,0,25433513
0,3,187,47,939,189,2025-05-03 06:00:00,2025-05-03 08:00:00,12,4,3,0,0,26627372
0,2,1,39,328,267,2025-05-07 08:00:00,2025-05-07 09:00:00,108,3,2,0,0,26782679
1,1,13987,19,553,205,2025-05-10 22:00:00,2025-05-11 04:00:00,12,1,1,0,0,26788776
0,1,12301,63,967,60,2025-05-12 00:00:00,2025-05-12 08:00:00,0,4,3,0,0,25438828
1,0,14152,48,265,258,2025-05-12 03:00:00,2025-05-12 04:00:00,12,1,2,0,0,26274941
2,2,12308,52,939,1,2025-05-17 10:00:00,2025-05-17 13:00:00,0,1,2,0,0,27686752
0,0,199,37,201,194,2025-05-05 16:00:00,2025-05-05 17:00:00,0,1,3,0,0,27431617
2,0,13933,66,928,176,2025-05-07 21:00:00,2025-05-08 06:00:00,15,3,3,0,0,27964673
2,3,12301,55,125,115,2025-05-07 11:00:00,2025-05-07 18:00:00,15,3,2,0,0,27869866
2,3,13933,58,0,189,2025-05-01 07:00:00,2025-05-01 15:00:00,107,4,3,0,0,25801149
1,1,13056,64,856,115,2025-05-09 09:00:00,2025-05-09 18:00:00,0,4,1,0,0,27811719
2,0,13203,65,643,265,2025-05-10 00:00:00,2025-05-10 03:00:00,107,3,1,0,0,27731357
2,1,32,44,657,203,2025-05-18 22:00:00,2025-05-19 00:00:00,15,3,1,0,0,26508468
2,2,13987,29,727,97,2025-05-13 03:00:00,2025-05-13 09:00:00,107,1,2,0,0,26055860
0,0,1,53,1022,55,2025-05-16 20:00:00,2025-05-17 01:00:00,107,3,1,0,0,25881522
0,0,12308,18,698,176,2025-05-03 01:00:00,2025-05-03 05:00:00,63,3,3,0,0,26831915
1,2,13142,13,917,221,2025-05-05 10:00:00,2025-05-05 16:00:00,63,3,1,0,0,25382257
1,2,63604,39,364,209,2025-05-01 08:00:00,2025-05-01 14:00:00,0,3,3,0,0,27346909
0,1,12544,30,986,232,2025-05-10 16:00:00,2025-05-10 19:00:00,13,1,1,0,0,25449120
1,1,13056,33,897,198,2025-05-08 19:00:00,2025-05-08 21:00:00,12,4,3,0,0,25843752
0,2,327,40,969,82,2025-05-14 10:00:00,2025-05-14 19:00:00,107,1,1,0,0,26563469
2,1,1,3,441,169,2025-05-13 20:00:00,2025-05-14 04:00:00,13,3,1,0,0,27778306
2,2,25,17,917,82,2025-05-15 01:00:00,2025-05-15 05:00:00,15,3,1,0,0,26246947
1,0,13417,13,902,143,2025-05-05 13:00:00,2025-05-05 19:00:00,108,4,3,0,0,27609178
0,0,63604,23,923,192,2025-05-07 00:00:00,2025-05-07 03:00:00,12,4,3,0,0,27410074
0,3,12544,27,160,196,2025-05-10 11:00:00,2025-05-10 19:00:00,12,4,1,0,0,26681050
1,0,12307,8,408,221,2025-05-13 20:00:00,2025-05-13 23:00:00,107,1,3,0,0,26367665
0,2,4,31,136,208,2025-05-18 03:00:00,2025-05-18 05:00:00,0,4,3,0,0,26032824
2,1,114,30,937,145,2025-05-05 17:00:00,2025-05-06 00:00:00,0,3,2,0,0,27702518
1,3,199,1,163,117,2025-05-03 14:00:00,2025-05-03 17:00:00,107,3,1,0,0,26721470
1,1,327,53,722,258,2025-05-17 14:00:00,2025-05-17 23:00:00,107,3,3,0,0,25904259
0,2,32,41,408,192,2025-05-12 10:00:00,2025-05-12 13:00:00,21,1,3,0,0,27099330
1,0,12580,52,900,115,2025-05-06 03:00:00,2025-05-06 11:00:00,12,4,3,0,0,27939783
0,3,12301,14,1044,61,2025-05-04 13:00:00,2025-05-04 15:00:00,63,4,3,0,0,26197523
0,2,12544,17,511,233,2025-05-03 21:00:00,2025-05-04 06:00:00,63,4,2,0,0,26247103
0,3,12350,39,869,101,2025-05-02 22:00:00,2025-05-02 23:00:00,13,4,3,0,0,26507797
0,3,63604,57,556,103,2025-05-09 06:00:00,2025-05-09 09:00:00,108,3,3,0,0,27741385
0,0,4,59,965,125,2025-05-16 03:00:00,2025-05-16 05:00:00,108,1,2,0,0,27787148
1,2,236,1,843,227,2025-05-18 23:00:00,2025-05-19 06:00:00,21,4,1,0,0,25756627
2,1,12926,46,74,202,2025-05-09 08:00:00,2025-05-09 13:00:00,0,3,1,0,0,25748516
2,3,4,66,381,142,2025-05-12 11:00:00,2025-05-12 19:00:00,12,3,2,0,0,27025725
1,3,12307,46,592,167,2025-05-02 12:00:00,2025-05-02 14:00:00,108,1,1,0,0,26290120
1,1,187,19,1037,207,2025-05-09 10:00:00,2025-05-09 18:00:00,13,4,1,0,0,26055860
2,2,199,11,25,206,2025-05-06 09:00:00,2025-05-06 16:00:00,12,1,2,0,0,27129831
2,3,12580,6,832,206,2025-05-13 03:00:00,2025-05-13 08:00:00,12,4,3,0,0,26531408
2,3,12306,31,838,60,2025-05-17 04:00:00,2025-05-17 06:00:00,63,1,2,0,0,27848553
2,3,14102,7,1028,97,2025-05-03 15:00:00,2025-05-03 22:00:00,0,4,2,0,0,26677496
2,2,25,51,943,188,2025-05-11 22:00:00,2025-05-12 02:00:00,108,4,2,0,0,25942012
0,2,13203,64,49,65,2025-05-05 23:00:00,2025-05-06 03:00:00,63,1,2,0,0,27686576
1,1,187,40,970,125,2025-05-12 13:00:00,2025-05-12 21:00:00,109,4,2,0,0,25432440
0,2,12308,56,1013,229,2025-05-09 09:00:00,2025-05-09 15:00:00,15,1,3,0,0,27777386
2,2,13552,44,477,103,2025-05-02 21:00:00,2025-05-03 06:00:00,109,1,1,0,0,26354420
2,0,235,43,125,189,2025-05-07 23:00:00,2025-05-08 01:00:00,109,4,2,0,0,25785035
2,1,13417,58,856,225,2025-05-05 13:00:00,2025-05-05 18:00:00,15,4,3,0,0,26229958
0,3,13056,8,929,230,2025-05-02 21:00:00,2025-05-03 03:00:00,109,1,2,0,0,26572191
0,2,12306,16,462,208,2025-05-09 19:00:00,2025-05-10 03:00:00,108,3,3,0,0,25388121
2,3,13552,57,970,106,2025-05-02 03:00:00,2025-05-02 07:00:00,12,1,1,0,0,27891607
0,3,236,2,283,205,2025-05-04 14:00:00,2025-05-04 21:00:00,63,3,3,0,0,26530055
0,0,13203,53,780,202,2025-05-13 02:00:00,2025-05-13 09:00:00,107,3,3,0,0,25387834
2,2,32,31,853,205,2025-05-17 00:00:00,2025-05-17 04:00:00,21,1,1,0,0,26840506
0,1,13987,3,970,106,2025-05-07 12:00:00,2025-05-07 13:00:00,63,1,1,0,0,27492678
1,2,327,10,461,207,2025-05-12 00:00:00,2025-05-12 03:00:00,13,1,3,0,0,26340062
1,3,12587,42,865,62,2025-05-12 00:00:00,2025-05-12 02:00:00,0,3,2,0,0,27426952
1,1,12307,4,1058,233,2025-05-01 21:00:00,2025-05-02 00:00:00,108,1,2,0,0,25500493
1,2,235,31,990,101,2025-05-11 15:00:00,2025-05-11 20:00:00,63,1,1,0,0,26400612
2,3,13933,55,686,258,2025-05-08 22:00:00,2025-05-08 23:00:00,108,4,2,0,0,25471163
2,3,32,36,963,145,2025-05-10 15:00:00,2025-05-10 20:00:00,15,4,1,0,0,27697834
2,0,12308,13,689,185,2025-05-08 17:00:00,2025-05-08 19:00:00,107,4,3,0,0,26946433
1,0,12587,34,553,101,2025-05-14 13:00:00,2025-05-14 17:00:00,13,1,3,0,0,25881522
1,0,199,19,398,134,2025-05-08 14:00:00,2025-05-08 20:00:00,12,1,2,0,0,26489078
0,3,14152,64,125,225,2025-05-17 12:00:00,2025-05-17 21:00:00,12,1,1,0,0,26057310
0,2,12926,39,892,162,2025-05-17 18:00:00,2025-05-18 00:00:00,63,3,2,0,0,25667998
1,0,235,23,201,181,2025-05-18 08:00:00,2025-05-18 10:00:00,109,3,2,0,0,26890259
1,2,12926,53,895,181,2025-05-09 09:00:00,2025-05-09 17:00:00,15,4,3,0,0,27814135
1,0,13142,2,385,257,2025-05-03 16:00:00,2025-05-03 21:00:00,109,3,2,0,0,25635168
1,1,12544,41,894,230,2025-05-17 11:00:00,2025-05-17 20:00:00,109,3,3,0,0,26919026
0,1,12308,13,767,123,2025-05-02 18:00:00,2025-05-03 03:00:00,13,3,1,0,0,27404820
1,0,236,51,1001,233,2025-05-10 04:00:00,2025-05-10 08:00:00,108,4,2,0,0,26095945
0,3,12587,14,516,265,2025-05-01 16:00:00,2025-05-01 17:00:00,63,4,3,0,0,25332304
1,0,327,27,563,49,2025-05-14 11:00:00,2025-05-14 20:00:00,12,3,2,0,0,27962045
1,0,12306,61,81,221,2025-05-12 20:00:00,2025-05-13 05:00:00,0,1,1,0,0,27787442
1,3,114,58,834,134,2025-05-08 14:00:00,2025-05-08 22:00:00,109,4,2,0,0,25904259
0,1,13142,29,34,181,2025-05-17 06:00:00,2025-05-17 11:00:00,13,3,2,0,0,27718775
0,2,13417,49,893,225,2025-05-02 19:00:00,2025-05-03 00:00:00,21,1,3,0,0,26155868
2,0,186,35,1054,169,2025-05-17 04:00:00,2025-05-17 10:00:00,63,1,1,0,0,27955423
1,3,2,1,931,166,2025-05-08 19:00:00,2025-05-08 20:00:00,109,4,1,0,0,26641271
2,0,14102,24,779,1,2025-05-17 05:00:00,2025-05-17 14:00:00,108,1,1,0,0,25648816
2,3,12956,17,1036,205,2025-05-11 22:00:00,2025-05-12 03:00:00,13,4,2,0,0,26721470
0,2,1,26,308,230,2025-05-08 05:00:00,2025-05-08 12:00:00,107,3,3,0,0,25683821
0,2,14102,39,939,192,2025-05-03 05:00:00,2025-05-03 13:00:00,0,4,2,0,0,26840506
2,1,63604,9,921,129,2025-05-10 03:00:00,2025-05-10 08:00:00,13,1,2,0,0,26219659
1,3,13203,0,27,186,2025-05-02 21:00:00,2025-05-03 00:00:00,12,4,2,0,0,25766516
0,3,63604,4,441,111,2025-05-17 09:00:00,2025-05-17 15:00:00,0,4,1,0,0,27486151
1,1,12926,57,381,197,2025-05-11 19:00:00,2025-05-12 02:00:00,107,3,3,0,0,26097630
1,1,13203,38,136,204,2025-05-09 02:00:00,2025-05-09 06:00:00,21,1,1,0,0,26699747
2,3,119,22,922,198,2025-05-18 00:00:00,2025-05-18 09:00:00,63,4,2,0,0,27664169
2,1,13417,61,843,161,2025-05-15 10:00:00,2025-05-15 14:00:00,109,3,2,0,0,25772530
2,2,12307,34,672,143,2025-05-03 12:00:00,2025-05-03 14:00:00,15,3,3,0,0,25869616
2,0,12926,11,536,199,2025-05-07 21:00:00,2025-05-08 06:00:00,108,3,1,0,0,27963307
0,2,12305,13,928,181,2025-05-07 15:00:00,2025-05-07 19:00:00,13,3,2,0,0,25490969
0,1,63604,24,79,238,2025-05-07 06:00:00,2025-05-07 10:00:00,12,3,2,0,0,27899563
2,3,13552,16,80,106,2025-05-05 14:00:00,2025-05-05 15:00:00,108,4,3,0,0,26498407
0,3,299,4,1034,103,2025-05-02 12:00:00,2025-05-02 14:00:00,12,4,2,0,0,26903867
2,2,13987,22,921,216,2025-05-01 02:00:00,2025-05-01 05:00:00,13,1,1,0,0,27361812
1,3,13987,62,930,238,2025-05-01 12:00:00,2025-05-01 19:00:00,21,4,1,0,0,27631237
1,1,13417,26,118,82,2025-05-07 17:00:00,2025-05-08 02:00:00,21,1,2,0,0,27899563
1,2,12587,47,368,49,2025-05-15 07:00:00,2025-05-15 12:00:00,107,1,2,0,0,26400612
2,3,299,6,149,49,2025-05-14 19:00:00,2025-05-14 23:00:00,109,1,2,0,0,26053003
1,0,12580,64,410,111,2025-05-11 23:00:00,2025-05-12 01:00:00,63,4,3,0,0,27488419
0,0,199,16,161,219,2025-05-04 10:00:00,2025-05-04 17:00:00,15,3,3,0,0,27658485
1,1,1,48,478,198,2025-05-12 00:00:00,2025-05-12 06:00:00,63,1,1,0,0,25459049
1,3,12307,58,118,207,2025-05-18 03:00:00,2025-05-18 10:00:00,107,3,1,0,0,27840285
1,1,13552,5,658,145,2025-05-14 21:00:00,2025-05-15 05:00:00,21,1,2,0,0,27410840
0,2,13056,39,571,110,2025-05-16 19:00:00,2025-05-17 04:00:00,12,4,2,0,0,27841036
2,0,12308,24,649,176,2025-05-10 02:00:00,2025-05-10 07:00:00,107,1,2,0,0,27473674
0,2,2,55,833,219,2025-05-07 01:00:00,2025-05-07 06:00:00,109,4,3,0,0,27723618
2,3,12307,39,920,189,2025-05-13 09:00:00,2025-05-13 13:00:00,109,3,3,0,0,26952360
2,1,327,59,65,188,2025-05-13 08:00:00,2025-05-13 11:00:00,0,4,2,0,0,26168226
1,1,13417,2,925,65,2025-05-07 16:00:00,2025-05-07 23:00:00,109,3,2,0,0,27720125
2,1,13056,56,351,229,2025-05-10 12:00:00,2025-05-10 17:00:00,108,4,1,0,0,27776414
0,2,12301,50,791,104,2025-05-10 17:00:00,2025-05-11 00:00:00,13,1,3,0,0,26475192
0,0,12305,12,850,265,2025-05-04 16:00:00,2025-05-04 18:00:00,109,1,2,0,0,26155868
2,2,119,32,861,185,2025-05-14 20:00:00,2025-05-15 05:00:00,21,4,3,0,0,26291834
1,2,4,32,939,62,2025-05-13 21:00:00,2025-05-14 06:00:00,107,3,2,0,0,27867152
1,3,1,60,268,66,2025-05-09 22:00:00,2025-05-10 07:00:00,107,3,2,0,0,27547329
0,3,13056,66,762,129,2025-05-18 11:00:00,2025-05-18 16:00:00,107,3,1,0,0,27773118
1,3,12308,0,665,110,2025-05-05 00:00:00,2025-05-05 09:00:00,21,4,1,0,0,25842968
2,0,13142,49,517,165,2025-05-09 20:00:00,2025-05-09 21:00:00,12,4,1,0,0,27964673
2,0,119,30,363,161,2025-05-15 17:00:00,2025-05-15 19:00:00,13,4,2,0,0,25983960
0,3,13142,24,1013,110,2025-05-13 23:00:00,2025-05-14 04:00:00,109,4,1,0,0,26036094
2,3,13142,64,479,198,2025-05-05 03:00:00,2025-05-05 08:00:00,12,3,2,0,0,25924283
0,0,25,4,585,258,2025-05-07 00:00:00,2025-05-07 06:00:00,109,3,3,0,0,27513274
2,1,12308,34,242,66,2025-05-01 09:00:00,2025-05-01 17:00:00,107,4,3,0,0,26236232
0,0,12306,39,673,267,2025-05-02 19:00:00,2025-05-02 20:00:00,109,4,2,0,0,25332127
1,0,32,27,1060,186,2025-05-11 10:00:00,2025-05-11 19:00:00,21,3,1,0,0,25446479
2,0,299,13,242,106,2025-05-17 01:00:00,2025-05-17 05:00:00,108,3,1,0,0,26168226
2,3,32,6,410,60,2025-05-10 10:00:00,2025-05-10 18:00:00,109,1,3,0,0,27421759
0,1,1,29,911,209,2025-05-17 13:00:00,2025-05-17 18:00:00,12,4,2,0,0,27731291
0,0,13417,53,986,223,2025-05-11 08:00:00,2025-05-11 09:00:00,13,1,2,0,0,27855914
2,3,13933,50,418,54,2025-05-08 00:00:00,2025-05-08 09:00:00,107,3,2,0,0,25397562
0,2,32,58,565,128,2025-05-06 09:00:00,2025-05-06 17:00:00,0,3,3,0,0,27741385
2,2,119,51,900,258,2025-05-01 18:00:00,2025-05-01 23:00:00,108,4,3,0,0,27811719
1,0,12307,30,1048,197,2025-05-14 23:00:00,2025-05-15 03:00:00,15,1,1,0,0,26328801
0,2,12926,40,929,162,2025-05-10 18:00:00,2025-05-11 02:00:00,109,3,2,0,0,25470530
2,1,13142,15,136,207,2025-05-15 08:00:00,2025-05-15 17:00:00,109,1,2,0,0,26095945
1,2,12580,64,351,265,2025-05-01 00:00:00,2025-05-01 07:00:00,13,1,2,0,0,25614697
1,2,63604,8,975,101,2025-05-06 09:00:00,2025-05-06 13:00:00,13,1,2,0,0,27230653
2,1,25,27,102,115,2025-05-02 02:00:00,2025-05-02 09:00:00,107,1,3,0,0,25556841
0,0,25,43,975,219,2025-05-01 01:00:00,2025-05-01 07:00:00,0,1,1,0,0,25587969
2,0,13203,29,881,206,2025-05-11 09:00:00,2025-05-11 12:00:00,0,4,3,0,0,26831915
1,1,12544,23,373,258,2025-05-10 05:00:00,2025-05-10 08:00:00,21,4,1,0,0,26549193
2,1,119,64,465,117,2025-05-06 17:00:00,2025-05-06 18:00:00,107,1,2,0,0,26269012
0,1,25,10,923,60,2025-05-12 10:00:00,2025-05-12 15:00:00,107,4,2,0,0,27565047
1,2,119,31,537,219,2025-05-06 20:00:00,2025-05-07 04:00:00,108,3,2,0,0,25387834
2,1,199,60,477,258,2025-05-18 23:00:00,2025-05-19 05:00:00,63,1,2,0,0,27140802
0,3,25,42,930,194,2025-05-11 15:00:00,2025-05-11 23:00:00,108,4,2,0,0,26034466
1,2,13417,12,361,54,2025-05-16 09:00:00,2025-05-16 16:00:00,109,4,3,0,0,25552402
0,0,14102,58,649,207,2025-05-13 23:00:00,2025-05-14 01:00:00,15,3,1,0,0,26144109
1,0,2,42,517,54,2025-05-04 22:00:00,2025-05-05 06:00:00,107,3,3,0,0,27553292
2,0,12306,48,242,208,2025-05-08 04:00:00,2025-05-08 08:00:00,0,3,2,0,0,25980946
0,2,235,4,242,258,2025-05-18 14:00:00,2025-05-18 19:00:00,13,3,1,0,0,27914099
1,3,13142,6,727,257,2025-05-17 20:00:00,2025-05-18 04:00:00,15,1,1,0,0,27796748
0,1,13056,61,902,202,2025-05-03 08:00:00,2025-05-03 13:00:00,0,4,2,0,0,26538394
0,1,14102,18,142,229,2025-05-05 05:00:00,2025-05-05 10:00:00,0,4,1,0,0,26743804
2,0,32,28,79,219,2025-05-08 00:00:00,2025-05-08 06:00:00,15,3,3,0,0,27923776
0,0,12305,65,261,110,2025-05-03 21:00:00,2025-05-04 04:00:00,13,4,3,0,0,26274941
1,2,199,2,698,267,2025-05-15 01:00:00,2025-05-15 10:00:00,63,4,3,0,0,25549574
1,3,187,59,364,55,2025-05-03 00:00:00,2025-05-03 07:00:00,21,4,3,0,0,25867710
1,1,12544,26,481,60,2025-05-18 19:00:00,2025-05-19 01:00:00,107,3,1,0,0,27254916
1,2,236,57,511,238,2025-05-18 10:00:00,2025-05-18 14:00:00,108,4,3,0,0,27647669
2,1,14102,34,843,123,2025-05-15 10:00:00,2025-05-15 12:00:00,109,4,1,0,0,27773455
0,0,32,27,773,188,2025-05-01 04:00:00,2025-05-01 13:00:00,108,4,2,0,0,25837206
2,1,12587,53,63,257,2025-05-09 09:00:00,2025-05-09 14:00:00,0,1,3,0,0,27170767
0,3,13417,23,537,194,2025-05-09 09:00:00,2025-05-09 14:00:00,107,1,2,0,0,27207906
0,3,12545,37,541,129,2025-05-08 10:00:00,2025-05-08 13:00:00,13,4,3,0,0,26944118
0,0,13203,35,34,244,2025-05-03 08:00:00,2025-05-03 11:00:00,13,4,2,0,0,26126165
2,3,2,43,553,193,2025-05-08 17:00:00,2025-05-08 18:00:00,13,4,2,0,0,27627616
0,3,12926,31,970,65,2025-05-04 19:00:00,2025-05-05 00:00:00,109,4,2,0,0,25755284
2,2,14152,57,933,229,2025-05-13 03:00:00,2025-05-13 06:00:00,109,4,2,0,0,25453304
1,1,13933,63,695,165,2025-05-17 09:00:00,2025-05-17 11:00:00,107,4,2,0,0,26468536
1,0,13142,11,553,161,2025-05-10 10:00:00,2025-05-10 19:00:00,63,1,1,0,0,27895260
0,0,14102,32,136,125,2025-05-18 12:00:00,2025-05-18 18:00:00,0,3,1,0,0,25306349
2,0,12587,19,679,123,2025-05-05 15:00:00,2025-05-05 18:00:00,13,4,3,0,0,26909447
1,0,12587,7,772,61,2025-05-07 03:00:00,2025-05-07 10:00:00,13,4,1,0,0,27425043
2,0,25,55,302,208,2025-05-12 04:00:00,2025-05-12 13:00:00,13,4,2,0,0,27126314
2,3,236,66,970,206,2025-05-09 10:00:00,2025-05-09 19:00:00,109,3,1,0,0,27473326
0,2,14102,28,1044,193,2025-05-16 17:00:00,2025-05-16 18:00:00,63,4,1,0,0,25528628
1,0,12308,15,375,165,2025-05-16 04:00:00,2025-05-16 06:00:00,108,4,2,0,0,26840479
0,2,12544,60,182,188,2025-05-17 18:00:00,2025-05-18 02:00:00,63,3,1,0,0,26688239
0,2,12305,57,410,101,2025-05-15 11:00:00,2025-05-15 12:00:00,109,4,2,0,0,25669371
1,3,12926,47,27,162,2025-05-15 21:00:00,2025-05-16 00:00:00,108,3,1,0,0,25582002
1,0,12307,41,666,115,2025-05-03 07:00:00,2025-05-03 14:00:00,15,3,2,0,0,25323509
2,3,12580,53,81,176,2025-05-13 12:00:00,2025-05-13 20:00:00,107,4,3,0,0,26034439
1,0,2,9,1016,203,2025-05-14 03:00:00,2025-05-14 08:00:00,15,1,1,0,0,27565066
2,3,12926,24,939,209,2025-05-08 16:00:00,2025-05-08 18:00:00,107,1,3,0,0,27759203
2,2,299,52,268,82,2025-05-03 05:00:00,2025-05-03 08:00:00,13,4,2,0,0,27293359
2,0,236,28,970,257,2025-05-02 12:00:00,2025-05-02 21:00:00,15,3,2,0,0,27908779
1,1,13056,44,183,54,2025-05-09 18:00:00,2025-05-10 01:00:00,109,3,3,0,0,25760060
0,2,12580,28,1046,104,2025-05-13 04:00:00,2025-05-13 05:00:00,0,3,2,0,0,27732586
2,1,1,16,171,188,2025-05-12 05:00:00,2025-05-12 08:00:00,108,4,2,0,0,27628208
0,2,4,60,103,196,2025-05-15 14:00:00,2025-05-15 23:00:00,12,1,2,0,0,26057310
0,3,4,49,850,192,2025-05-10 03:00:00,2025-05-10 10:00:00,0,3,2,0,0,25547976
1,0,12307,56,1030,206,2025-05-10 11:00:00,2025-05-10 13:00:00,15,3,2,0,0,25595006
0,2,13552,33,711,265,2025-05-18 19:00:00,2025-05-19 01:00:00,108,4,2,0,0,25501779
0,3,236,17,690,66,2025-05-15 21:00:00,2025-05-16 06:00:00,15,1,2,0,0,25881522
1,0,12307,41,939,238,2025-05-09 18:00:00,2025-05-09 22:00:00,15,1,2,0,0,25900069
2,0,12301,66,477,204,2025-05-13 09:00:00,2025-05-13 11:00:00,21,4,3,0,0,26971771
0,2,187,19,799,128,2025-05-01 00:00:00,2025-05-01 03:00:00,12,1,1,0,0,25556670
1,0,199,29,698,219,2025-05-01 22:00:00,2025-05-02 05:00:00,21,4,2,0,0,27787442
0,2,14152,48,50,209,2025-05-12 19:00:00,2025-05-12 23:00:00,21,3,3,0,0,26029470
0,0,199,39,366,204,2025-05-17 03:00:00,2025-05-17 10:00:00,63,4,2,0,0,26315982
2,1,299,13,949,117,2025-05-18 16:00:00,2025-05-18 21:00:00,109,3,1,0,0,27720800
0,3,299,18,924,197,2025-05-08 19:00:00,2025-05-09 03:00:00,109,4,2,0,0,25433187
1,1,12350,31,988,145,2025-05-01 17:00:00,2025-05-02 01:00:00,21,3,3,0,0,26971718
0,2,299,15,621,183,2025-05-03 00:00:00,2025-05-03 05:00:00,13,3,3,0,0,26479620
2,1,235,46,284,223,2025-05-02 22:00:00,2025-05-03 05:00:00,63,4,1,0,0,27768762
2,2,1,2,60,201,2025-05-05 18:00:00,2025-05-06 00:00:00,15,3,2,0,0,25440279
1,0,63604,42,658,128,2025-05-02 14:00:00,2025-05-02 22:00:00,12,1,3,0,0,26560322
2,0,14152,14,762,257,2025-05-10 00:00:00,2025-05-10 09:00:00,21,4,1,0,0,25440279
0,2,187,1,1048,62,2025-05-09 17:00:00,2025-05-09 22:00:00,12,1,1,0,0,27940858
2,1,13142,60,856,186,2025-05-11 21:00:00,2025-05-12 04:00:00,107,3,2,0,0,25332304
1,0,13933,5,149,101,2025-05-09 18:00:00,2025-05-09 19:00:00,63,3,3,0,0,26716448
2,3,299,45,785,194,2025-05-03 04:00:00,2025-05-03 12:00:00,12,3,2,0,0,27677215
2,0,14152,40,103,66,2025-05-12 16:00:00,2025-05-12 19:00:00,15,4,2,0,0,26601515
2,3,13056,58,541,221,2025-05-15 18:00:00,2025-05-15 19:00:00,107,3,2,0,0,27932909
1,1,13987,60,284,106,2025-05-14 08:00:00,2025-05-14 14:00:00,13,1,3,0,0,25875884
2,3,14152,56,150,238,2025-05-06 12:00:00,2025-05-06 20:00:00,15,1,1,0,0,26615392
2,3,12587,28,614,66,2025-05-11 23:00:00,2025-05-12 02:00:00,109,4,2,0,0,27208588
0,3,12305,60,965,221,2025-05-13 06:00:00,2025-05-13 07:00:00,0,1,2,0,0,26098767
1,3,32,39,1028,165,2025-05-05 14:00:00,2025-05-05 17:00:00,108,4,3,0,0,27263873
2,0,32,19,1044,134,2025-05-02 18:00:00,2025-05-02 23:00:00,0,4,2,0,0,25762332
1,3,12350,60,904,238,2025-05-15 01:00:00,2025-05-15 09:00:00,13,3,1,0,0,26126518
2,0,12306,36,881,189,2025-05-10 21:00:00,2025-05-11 06:00:00,109,1,2,0,0,27263873
2,3,32,6,1032,129,2025-05-16 18:00:00,2025-05-17 03:00:00,12,1,1,0,0,26400612
2,2,12306,13,516,145,2025-05-17 04:00:00,2025-05-17 08:00:00,63,1,2,0,0,25878862
0,1,327,1,160,232,2025-05-11 06:00:00,2025-05-11 14:00:00,15,3,2,0,0,27813751
0,3,63604,36,256,208,2025-05-01 03:00:00,2025-05-01 08:00:00,109,4,2,0,0,26577096
0,2,299,13,899,219,2025-05-16 03:00:00,2025-05-16 06:00:00,109,1,1,0,0,27914099
1,3,12306,66,239,167,2025-05-15 12:00:00,2025-05-15 17:00:00,21,1,2,0,0,26890259
1,3,13142,1,516,258,2025-05-17 00:00:00,2025-05-17 02:00:00,108,1,2,0,0,25717678
0,3,12956,33,853,216,2025-05-15 13:00:00,2025-05-15 19:00:00,15,1,2,0,0,27553292
1,2,12308,2,332,110,2025-05-13 23:00:00,2025-05-14 00:00:00,109,3,1,0,0,25766489
2,1,13987,19,103,61,2025-05-08 04:00:00,2025-05-08 10:00:00,21,4,2,0,0,26642105
2,2,13933,52,665,204,2025-05-09 00:00:00,2025-05-09 05:00:00,107,1,3,0,0,27678555
2,1,13056,38,1060,117,2025-05-01 02:00:00,2025-05-01 11:00:00,13,1,1,0,0,25763807
0,3,63604,17,1028,106,2025-05-12 13:00:00,2025-05-12 20:00:00,13,4,3,0,0,27790664
1,0,13552,52,549,61,2025-05-03 07:00:00,2025-05-03 13:00:00,63,3,2,0,0,26885327
0,3,327,25,471,61,2025-05-12 09:00:00,2025-05-12 16:00:00,63,3,1,0,0,26098767
1,1,236,20,772,215,2025-05-18 00:00:00,2025-05-18 05:00:00,109,3,1,0,0,25972445
2,2,12544,28,398,61,2025-05-08 07:00:00,2025-05-08 08:00:00,109,3,2,0,0,26197523
0,3,1,33,578,205,2025-05-05 19:00:00,2025-05-06 04:00:00,15,1,3,0,0,26682166
1,2,12301,10,511,265,2025-05-04 11:00:00,2025-05-04 16:00:00,108,4,1,0,0,27868108
1,2,12544,62,843,199,2025-05-07 14:00:00,2025-05-07 18:00:00,109,4,1,0,0,26901830
2,2,13142,9,858,55,2025-05-12 21:00:00,2025-05-13 03:00:00,13,4,1,0,0,27638177
0,3,13203,26,1016,216,2025-05-04 07:00:00,2025-05-04 12:00:00,12,3,1,0,0,26982093
0,2,12306,56,136,267,2025-05-03 17:00:00,2025-05-03 18:00:00,109,3,1,0,0,26746011
0,2,12307,37,160,66,2025-05-09 16:00:00,2025-05-09 18:00:00,21,4,2,0,0,25587969
2,3,12544,36,250,221,2025-05-01 09:00:00,2025-05-01 13:00:00,13,1,1,0,0,26981280
0,2,114,50,649,185,2025-05-09 06:00:00,2025-05-09 14:00:00,109,3,3,0,0,25900069
2,3,12956,45,858,143,2025-05-03 10:00:00,2025-05-03 15:00:00,0,1,1,0,0,25914419
2,1,199,18,963,201,2025-05-10 17:00:00,2025-05-11 00:00:00,0,4,2,0,0,27879027
2,1,12305,60,261,162,2025-05-13 18:00:00,2025-05-13 20:00:00,0,3,2,0,0,25645958
1,1,114,29,317,257,2025-05-11 03:00:00,2025-05-11 11:00:00,108,1,3,0,0,27949870
0,2,12587,26,577,215,2025-05-16 18:00:00,2025-05-16 23:00:00,21,3,1,0,0,25683821
0,0,13933,62,859,117,2025-05-17 08:00:00,2025-05-17 12:00:00,21,4,3,0,0,27129831
2,0,299,26,541,203,2025-05-03 05:00:00,2025-05-03 14:00:00,13,4,3,0,0,27185332
2,2,13987,52,163,65,2025-05-15 00:00:00,2025-05-15 06:00:00,12,4,3,0,0,25741428
0,0,235,44,767,229,2025-05-17 08:00:00,2025-05-17 12:00:00,13,1,3,0,0,27384424
2,3,12305,64,859,55,2025-05-01 08:00:00,2025-05-01 16:00:00,15,3,1,0,0,25876036
0,0,12580,27,171,230,2025-05-05 04:00:00,2025-05-05 07:00:00,107,3,2,0,0,25658513
1,2,32,64,383,145,2025-05-17 23:00:00,2025-05-18 01:00:00,0,3,2,0,0,27841327
2,2,186,41,511,123,2025-05-13 06:00:00,2025-05-13 13:00:00,12,4,1,0,0,26400612
0,3,299,59,968,189,2025-05-09 10:00:00,2025-05-09 14:00:00,107,1,3,0,0,25587969
2,1,12308,10,408,203,2025-05-17 07:00:00,2025-05-17 11:00:00,107,4,1,0,0,27816979
0,2,187,37,549,206,2025-05-07 08:00:00,2025-05-07 17:00:00,107,4,3,0,0,25894761
0,3,14152,59,888,192,2025-05-05 13:00:00,2025-05-05 15:00:00,108,1,3,0,0,26098767
2,0,12305,26,940,201,2025-05-14 09:00:00,2025-05-14 10:00:00,109,4,1,0,0,25588670
1,0,12305,9,722,55,2025-05-12 01:00:00,2025-05-12 08:00:00,107,4,1,0,0,27880916
0,3,12956,13,886,82,2025-05-16 12:00:00,2025-05-16 20:00:00,109,3,3,0,0,27629681
0,3,12305,44,60,207,2025-05-07 07:00:00,2025-05-07 10:00:00,63,1,3,0,0,26542775
0,2,13552,9,924,192,2025-05-04 10:00:00,2025-05-04 12:00:00,0,1,3,0,0,27764027
1,0,32,45,831,205,2025-05-18 06:00:00,2025-05-18 10:00:00,107,3,3,0,0,26543612
1,3,13552,46,955,106,2025-05-17 10:00:00,2025-05-17 12:00:00,21,1,1,0,0,27731357
2,0,187,54,63,176,2025-05-06 13:00:00,2025-05-06 15:00:00,109,3,2,0,0,27931311
1,3,12307,8,317,197,2025-05-14 13:00:00,2025-05-14 18:00:00,21,4,2,0,0,27042990
2,0,119,43,986,111,2025-05-07 15:00:00,2025-05-07 20:00:00,21,1,3,0,0,27877313
2,1,12305,60,897,244,2025-05-02 14:00:00,2025-05-02 22:00:00,107,1,2,0,0,27547326
1,2,14102,32,301,125,2025-05-08 07:00:00,2025-05-08 16:00:00,63,4,2,0,0,26981280
2,0,13142,15,159,169,2025-05-01 12:00:00,2025-05-01 14:00:00,12,4,2,0,0,26965455
1,1,119,29,1056,204,2025-05-14 02:00:00,2025-05-14 03:00:00,21,1,2,0,0,26462299
2,0,12350,13,856,183,2025-05-03 18:00:00,2025-05-03 21:00:00,0,1,2,0,0,27789866
1,0,32,13,62,62,2025-05-11 07:00:00,2025-05-11 13:00:00,15,1,2,0,0,26506589
1,1,13417,61,791,221,2025-05-02 16:00:00,2025-05-02 21:00:00,21,3,3,0,0,26481748
2,0,2,25,703,183,2025-05-08 15:00:00,2025-05-08 23:00:00,0,1,3,0,0,26231814
0,0,13417,0,783,229,2025-05-02 10:00:00,2025-05-02 18:00:00,13,1,3,0,0,27407499
2,2,12545,3,251,203,2025-05-18 13:00:00,2025-05-18 15:00:00,0,4,1,0,0,26971771
1,1,12307,47,517,166,2025-05-15 00:00:00,2025-05-15 09:00:00,108,4,2,0,0,26451166
0,1,12545,40,1050,82,2025-05-13 01:00:00,2025-05-13 05:00:00,12,3,2,0,0,25980946
2,3,13203,9,865,161,2025-05-04 03:00:00,2025-05-04 04:00:00,13,4,1,0,0,26987528
2,0,13987,6,1032,49,2025-05-03 21:00:00,2025-05-03 23:00:00,0,1,2,0,0,27852905
2,2,199,23,467,134,2025-05-10 17:00:00,2025-05-10 23:00:00,0,1,3,0,0,27707319
0,0,12307,60,881,202,2025-05-01 10:00:00,2025-05-01 15:00:00,109,3,3,0,0,27893444
1,0,186,5,821,82,2025-05-16 07:00:00,2025-05-16 14:00:00,63,4,1,0,0,27044310
2,3,13552,61,941,125,2025-05-12 18:00:00,2025-05-13 03:00:00,12,4,3,0,0,27264067
2,0,32,35,125,104,2025-05-13 15:00:00,2025-05-13 21:00:00,108,4,1,0,0,27346909
2,2,12956,66,149,167,2025-05-01 23:00:00,2025-05-02 05:00:00,21,3,3,0,0,26510676
2,2,12301,26,332,205,2025-05-12 09:00:00,2025-05-12 11:00:00,108,4,2,0,0,25593991
2,3,14102,51,384,125,2025-05-02 02:00:00,2025-05-02 09:00:00,107,4,3,0,0,25716029
1,0,12544,1,328,162,2025-05-03 05:00:00,2025-05-03 07:00:00,107,4,1,0,0,26274730
1,2,12545,35,665,199,2025-05-03 06:00:00,2025-05-03 13:00:00,108,1,2,0,0,26840122
2,0,12301,18,773,185,2025-05-16 15:00:00,2025-05-16 23:00:00,21,3,1,0,0,25756214
0,0,13987,35,11,110,2025-05-10 16:00:00,2025-05-10 17:00:00,13,1,2,0,0,26000938
1,0,12308,9,762,232,2025-05-12 12:00:00,2025-05-12 21:00:00,63,3,2,0,0,26233182
0,3,12350,3,182,82,2025-05-16 10:00:00,2025-05-16 18:00:00,63,4,3,0,0,27734896
1,0,114,43,571,61,2025-05-18 09:00:00,2025-05-18 18:00:00,108,1,3,0,0,27853979
2,2,13056,65,863,258,2025-05-05 23:00:00,2025-05-06 04:00:00,63,4,2,0,0,25471163
1,0,12350,14,887,111,2025-05-10 08:00:00,2025-05-10 12:00:00,108,4,3,0,0,27877955
2,2,12308,49,510,202,2025-05-03 09:00:00,2025-05-03 10:00:00,107,3,3,0,0,26580920
1,0,2,20,537,192,2025-05-11 14:00:00,2025-05-11 23:00:00,0,4,1,0,0,27789866
2,2,13203,54,842,238,2025-05-08 07:00:00,2025-05-08 11:00:00,13,1,3,0,0,27789681
2,2,12305,60,773,1,2025-05-03 05:00:00,2025-05-03 09:00:00,63,3,2,0,0,27127339
2,0,12305,11,580,97,2025-05-07 01:00:00,2025-05-07 05:00:00,15,3,3,0,0,26788776
2,0,13552,31,60,196,2025-05-11 18:00:00,2025-05-11 20:00:00,107,1,2,0,0,25323509
0,2,2,52,900,143,2025-05-07 07:00:00,2025-05-07 11:00:00,15,4,2,0,0,25875884
2,1,14102,12,150,197,2025-05-17 00:00:00,2025-05-17 02:00:00,109,4,1,0,0,27917604
0,3,12545,66,621,206,2025-05-11 21:00:00,2025-05-12 05:00:00,63,4,2,0,0,26353181
0,1,12580,41,970,203,2025-05-01 18:00:00,2025-05-02 01:00:00,108,4,2,0,0,26465742
2,1,12306,55,937,193,2025-05-15 05:00:00,2025-05-15 07:00:00,63,4,1,0,0,26329571
0,0,4,61,937,143,2025-05-16 10:00:00,2025-05-16 12:00:00,21,3,2,0,0,26740271
1,3,14102,35,898,162,2025-05-08 02:00:00,2025-05-08 04:00:00,21,3,1,0,0,26734639
2,1,12306,40,791,97,2025-05-16 18:00:00,2025-05-16 19:00:00,12,1,2,0,0,27111027
0,0,14102,28,170,110,2025-05-17 07:00:00,2025-05-17 13:00:00,13,4,3,0,0,25351406
2,1,12956,11,410,49,2025-05-09 04:00:00,2025-05-09 10:00:00,21,4,1,0,0,27870866
2,1,13552,58,527,165,2025-05-04 00:00:00,2025-05-04 01:00:00,0,4,1,0,0,26971718
2,0,32,0,27,204,2025-05-13 14:00:00,2025-05-13 15:00:00,108,1,2,0,0,26515428
0,0,63604,58,268,244,2025-05-04 12:00:00,2025-05-04 18:00:00,63,4,1,0,0,27871778
1,0,12545,18,375,201,2025-05-12 19:00:00,2025-05-13 01:00:00,13,3,2,0,0,25750068
1,3,1,16,772,230,2025-05-13 13:00:00,2025-05-13 17:00:00,13,4,1,0,0,26779442
0,1,13552,52,94,55,2025-05-06 11:00:00,2025-05-06 14:00:00,109,1,1,0,0,27346909
2,0,199,8,1041,104,2025-05-05 23:00:00,2025-05-06 08:00:00,15,3,3,0,0,27742969
0,2,12580,30,963,258,2025-05-09 23:00:00,2025-05-10 05:00:00,12,3,2,0,0,25446479
0,1,13933,54,672,233,2025-05-06 15:00:00,2025-05-06 16:00:00,63,3,3,0,0,25447149
0,2,12956,21,379,143,2025-05-05 19:00:00,2025-05-05 22:00:00,12,4,1,0,0,26127228
2,3,12545,49,785,106,2025-05-03 12:00:00,2025-05-03 13:00:00,13,1,2,0,0,27849631
0,0,13203,53,869,106,2025-05-01 16:00:00,2025-05-01 19:00:00,21,1,3,0,0,26522155
2,2,12587,3,410,204,2025-05-02 09:00:00,2025-05-02 11:00:00,107,4,1,0,0,27723618
0,3,25,27,686,208,2025-05-01 19:00:00,2025-05-02 00:00:00,12,1,3,0,0,27819523
1,0,327,13,176,206,2025-05-09 15:00:00,2025-05-09 18:00:00,0,3,1,0,0,25587969
0,2,12308,24,381,166,2025-05-07 17:00:00,2025-05-08 00:00:00,107,3,1,0,0,27516856
0,2,12308,54,1030,1,2025-05-13 10:00:00,2025-05-13 18:00:00,108,1,2,0,0,26767616
1,3,13417,20,1040,205,2025-05-01 09:00:00,2025-05-01 16:00:00,107,1,2,0,0,26481748
2,0,2,14,1052,232,2025-05-04 21:00:00,2025-05-04 23:00:00,0,4,2,0,0,27882228
2,0,114,23,302,66,2025-05-18 05:00:00,2025-05-18 12:00:00,15,4,1,0,0,26251607
0,2,13203,60,511,167,2025-05-16 10:00:00,2025-05-16 13:00:00,63,4,3,0,0,27891661
1,2,1,45,62,221,2025-05-18 00:00:00,2025-05-18 07:00:00,12,4,2,0,0,27127339
2,2,235,5,1075,163,2025-05-16 22:00:00,2025-05-16 23:00:00,21,4,2,0,0,26716448
0,0,12301,62,159,165,2025-05-16 05:00:00,2025-05-16 07:00:00,15,4,2,0,0,25799090
1,3,14102,9,943,163,2025-05-05 10:00:00,2025-05-05 11:00:00,0,3,2,0,0,25878862
2,3,1,54,903,54,2025-05-05 08:00:00,2025-05-05 17:00:00,15,1,1,0,0,25432492
2,0,13142,29,477,106,2025-05-03 22:00:00,2025-05-04 00:00:00,12,4,3,0,0,26641271
1,1,235,52,792,198,2025-05-18 22:00:00,2025-05-19 00:00:00,15,3,1,0,0,27045281
1,3,2,50,965,189,2025-05-04 11:00:00,2025-05-04 17:00:00,108,1,1,0,0,26940914
1,2,13142,21,162,143,2025-05-09 16:00:00,2025-05-09 23:00:00,109,1,1,0,0,27282748
1,1,12307,20,1014,238,2025-05-11 18:00:00,2025-05-11 20:00:00,12,1,2,0,0,26831915
0,1,1,2,578,206,2025-05-10 22:00:00,2025-05-11 02:00:00,63,4,3,0,0,26841974
1,3,12956,50,850,142,2025-05-13 13:00:00,2025-05-13 16:00:00,107,4,1,0,0,25928752
2,1,12580,44,902,204,2025-05-10 15:00:00,2025-05-10 20:00:00,12,4,1,0,0,25756772
2,1,13933,3,803,111,2025-05-18 11:00:00,2025-05-18 20:00:00,0,1,1,0,0,26395082
0,3,13987,62,971,207,2025-05-12 17:00:00,2025-05-12 19:00:00,15,1,2,0,0,27264067
2,3,236,62,699,181,2025-05-17 09:00:00,2025-05-17 14:00:00,12,3,2,0,0,26462299
2,1,2,3,727,61,2025-05-18 09:00:00,2025-05-18 17:00:00,15,3,1,0,0,27964308
1,2,12307,15,136,219,2025-05-09 13:00:00,2025-05-09 19:00:00,21,3,2,0,0,26876890
2,0,13417,12,364,134,2025-05-11 23:00:00,2025-05-12 03:00:00,63,3,3,0,0,27547326
0,1,12307,33,762,55,2025-05-13 22:00:00,2025-05-14 06:00:00,13,1,2,0,0,27871515
1,1,114,11,250,257,2025-05-15 10:00:00,2025-05-15 13:00:00,12,4,1,0,0,27895260
1,2,13552,55,471,202,2025-05-17 09:00:00,2025-05-17 13:00:00,0,4,3,0,0,25941649
0,1,13933,60,789,167,2025-05-08 16:00:00,2025-05-09 01:00:00,109,4,2,0,0,26563469
1,1,12308,37,545,161,2025-05-05 17:00:00,2025-05-05 22:00:00,63,4,1,0,0,25750491
1,0,13056,34,1035,207,2025-05-04 06:00:00,2025-05-04 12:00:00,13,3,3,0,0,27387654
0,0,12580,63,65,125,2025-05-15 20:00:00,2025-05-15 22:00:00,21,1,3,0,0,26204044
1,0,327,62,969,167,2025-05-15 05:00:00,2025-05-15 14:00:00,109,4,3,0,0,25643676
0,3,235,52,901,229,2025-05-13 12:00:00,2025-05-13 20:00:00,107,1,2,0,0,27919322
0,3,12544,43,843,65,2025-05-03 01:00:00,2025-05-03 08:00:00,15,3,3,0,0,27276781
2,0,4,7,381,183,2025-05-14 07:00:00,2025-05-14 16:00:00,109,3,2,0,0,27102999
2,0,1,18,782,208,2025-05-04 22:00:00,2025-05-05 03:00:00,15,4,1,0,0,25422695
1,3,13933,58,65,62,2025-05-11 17:00:00,2025-05-11 22:00:00,13,4,2,0,0,26036094
1,2,1,19,27,258,2025-05-18 20:00:00,2025-05-19 05:00:00,21,3,2,0,0,27943620
0,1,13142,4,1060,205,2025-05-15 14:00:00,2025-05-15 19:00:00,13,3,1,0,0,25732685
1,1,14152,40,578,196,2025-05-03 13:00:00,2025-05-03 22:00:00,21,1,2,0,0,27004776
0,0,4,25,467,65,2025-05-06 21:00:00,2025-05-06 22:00:00,21,3,2,0,0,27914167
0,2,12301,62,551,117,2025-05-14 17:00:00,2025-05-15 01:00:00,108,1,1,0,0,26857916
1,3,12305,20,34,60,2025-05-10 05:00:00,2025-05-10 08:00:00,108,3,3,0,0,27787442
0,0,12307,54,1014,142,2025-05-15 19:00:00,2025-05-16 03:00:00,63,1,1,0,0,27674455
2,2,63604,66,89,181,2025-05-05 14:00:00,2025-05-05 19:00:00,108,3,3,0,0,26468536
1,2,327,41,649,225,2025-05-05 07:00:00,2025-05-05 09:00:00,108,3,2,0,0,27631237
2,2,13142,8,1031,111,2025-05-01 14:00:00,2025-05-01 23:00:00,15,1,1,0,0,27644876
1,3,13552,4,537,62,2025-05-12 05:00:00,2025-05-12 09:00:00,12,1,3,0,0,27017981
0,3,119,35,585,162,2025-05-07 14:00:00,2025-05-07 21:00:00,107,4,2,0,0,25528528
1,1,12305,55,865,265,2025-05-07 12:00:00,2025-05-07 20:00:00,0,4,2,0,0,27890202
2,1,187,3,170,115,2025-05-02 02:00:00,2025-05-02 09:00:00,21,3,2,0,0,25388121
0,2,235,65,690,201,2025-05-04 12:00:00,2025-05-04 18:00:00,13,3,3,0,0,26640269
1,2,235,58,1054,183,2025-05-01 08:00:00,2025-05-01 15:00:00,15,1,3,0,0,27718484
1,3,25,41,577,186,2025-05-12 11:00:00,2025-05-12 15:00:00,21,3,3,0,0,26197523
1,1,327,42,160,1,2025-05-10 10:00:00,2025-05-10 11:00:00,0,4,2,0,0,27361275
2,2,2,28,699,203,2025-05-08 17:00:00,2025-05-08 22:00:00,108,1,3,0,0,27045281
2,1,199,25,894,209,2025-05-04 06:00:00,2025-05-04 14:00:00,107,3,1,0,0,25390877
1,1,12580,44,887,208,2025-05-09 23:00:00,2025-05-10 05:00:00,108,1,3,0,0,25713463
0,2,186,46,679,238,2025-05-19 00:00:00,2025-05-19 05:00:00,21,4,3,0,0,27682150
0,3,12308,58,408,238,2025-05-03 08:00:00,2025-05-03 10:00:00,107,4,2,0,0,25442158
2,2,63604,40,471,197,2025-05-06 23:00:00,2025-05-07 04:00:00,0,4,1,0,0,26560635
0,2,12306,57,283,192,2025-05-15 19:00:00,2025-05-15 22:00:00,13,3,1,0,0,27858288
2,1,25,56,947,230,2025-05-14 18:00:00,2025-05-14 20:00:00,13,3,1,0,0,26451166
1,2,186,31,1,244,2025-05-17 07:00:00,2025-05-17 10:00:00,63,3,3,0,0,25427182
2,3,236,31,363,145,2025-05-03 18:00:00,2025-05-03 22:00:00,109,3,2,0,0,26840122
2,2,12926,35,896,192,2025-05-12 10:00:00,2025-05-12 12:00:00,109,3,3,0,0,27565047
1,3,114,11,1035,223,2025-05-05 08:00:00,2025-05-05 12:00:00,13,3,2,0,0,27426952
0,3,13142,12,886,208,2025-05-18 11:00:00,2025-05-18 15:00:00,109,4,1,0,0,27734896
2,1,12926,8,837,62,2025-05-08 19:00:00,2025-05-09 01:00:00,12,4,3,0,0,25876036
2,0,186,15,773,207,2025-05-07 19:00:00,2025-05-08 00:00:00,0,3,2,0,0,25441905
1,0,14102,62,561,123,2025-05-12 02:00:00,2025-05-12 09:00:00,12,4,3,0,0,26943375
0,1,13203,25,201,169,2025-05-03 02:00:00,2025-05-03 09:00:00,109,1,2,0,0,27750070
2,2,186,33,1037,206,2025-05-06 05:00:00,2025-05-06 08:00:00,108,3,1,0,0,27193826
1,1,186,24,618,204,2025-05-04 07:00:00,2025-05-04 16:00:00,63,1,3,0,0,27379834
2,3,13203,12,578,129,2025-05-08 14:00:00,2025-05-08 21:00:00,109,3,1,0,0,27954800
1,0,32,49,25,209,2025-05-13 21:00:00,2025-05-14 04:00:00,15,3,3,0,0,25555825
0,1,236,45,363,110,2025-05-01 16:00:00,2025-05-01 18:00:00,21,4,3,0,0,27486151
0,2,12544,5,549,125,2025-05-08 01:00:00,2025-05-08 04:00:00,107,1,2,0,0,27711339
0,1,13142,60,556,230,2025-05-12 15:00:00,2025-05-12 18:00:00,108,4,2,0,0,27796606
0,0,114,25,25,165,2025-05-17 16:00:00,2025-05-17 22:00:00,21,3,2,0,0,27849631
2,1,12301,48,446,60,2025-05-13 15:00:00,2025-05-13 19:00:00,63,1,1,0,0,27652677
2,1,25,8,968,193,2025-05-15 03:00:00,2025-05-15 07:00:00,15,3,1,0,0,26857914
0,0,12308,1,937,188,2025-05-09 21:00:00,2025-05-09 22:00:00,13,4,3,0,0,26699690
0,3,12587,42,50,265,2025-05-09 05:00:00,2025-05-09 11:00:00,21,3,2,0,0,27885753
0,3,12308,20,955,97,2025-05-01 06:00:00,2025-05-01 14:00:00,107,3,1,0,0,26937221
2,0,13142,20,965,163,2025-05-17 13:00:00,2025-05-17 21:00:00,12,4,3,0,0,25422695
0,1,12308,29,915,111,2025-05-01 10:00:00,2025-05-01 18:00:00,15,3,1,0,0,25648816
0,0,187,25,308,161,2025-05-01 11:00:00,2025-05-01 16:00:00,12,1,3,0,0,25900069
0,3,12306,58,117,223,2025-05-05 13:00:00,2025-05-05 19:00:00,15,4,2,0,0,25547976
1,2,13933,8,703,208,2025-05-06 12:00:00,2025-05-06 17:00:00,0,3,3,0,0,26583520
0,1,12587,62,872,189,2025-05-17 04:00:00,2025-05-17 08:00:00,13,4,3,0,0,27042888
1,3,13203,34,251,232,2025-05-06 07:00:00,2025-05-06 11:00:00,15,3,2,0,0,25408717
1,1,236,20,925,66,2025-05-07 03:00:00,2025-05-07 07:00:00,109,4,2,0,0,25384835
0,0,13203,42,327,123,2025-05-03 05:00:00,2025-05-03 09:00:00,109,4,3,0,0,25323100
1,2,13552,36,699,238,2025-05-13 22:00:00,2025-05-14 04:00:00,0,1,1,0,0,27421222
0,0,235,16,869,82,2025-05-04 06:00:00,2025-05-04 12:00:00,107,4,2,0,0,27433449
2,2,13142,55,1041,183,2025-05-15 09:00:00,2025-05-15 14:00:00,63,1,3,0,0,27891661
2,1,32,7,366,54,2025-05-05 00:00:00,2025-05-05 09:00:00,13,4,2,0,0,27955423
2,1,13933,29,918,233,2025-05-11 08:00:00,2025-05-11 16:00:00,21,4,2,0,0,25876623
2,0,13203,28,379,101,2025-05-06 06:00:00,2025-05-06 12:00:00,108,3,1,0,0,27953333
1,2,13142,46,780,97,2025-05-02 05:00:00,2025-05-02 14:00:00,13,3,2,0,0,27958869
0,2,299,44,565,115,2025-05-01 23:00:00,2025-05-02 04:00:00,0,3,3,0,0,27827788
0,1,12307,9,971,62,2025-05-09 08:00:00,2025-05-09 12:00:00,109,4,3,0,0,26840122
0,0,4,43,850,101,2025-05-06 10:00:00,2025-05-06 16:00:00,21,4,2,0,0,26269008
2,2,14152,28,1050,134,2025-05-06 01:00:00,2025-05-06 05:00:00,15,1,2,0,0,27578123
2,1,13552,61,662,265,2025-05-15 19:00:00,2025-05-16 03:00:00,107,1,1,0,0,27492120
0,3,12926,41,383,110,2025-05-18 23:00:00,2025-05-19 06:00:00,107,1,1,0,0,27709426
2,0,25,5,837,216,2025-05-14 14:00:00,2025-05-14 19:00:00,63,3,1,0,0,25429731
0,3,12587,10,889,219,2025-05-07 05:00:00,2025-05-07 11:00:00,63,3,3,0,0,27913693
0,0,13056,37,955,183,2025-05-01 13:00:00,2025-05-01 20:00:00,13,1,1,0,0,27814135
0,1,12350,29,863,230,2025-05-13 15:00:00,2025-05-13 17:00:00,108,4,3,0,0,25667998
0,2,14102,27,631,166,2025-05-02 04:00:00,2025-05-02 13:00:00,0,3,1,0,0,27678555
0,2,4,34,142,125,2025-05-03 01:00:00,2025-05-03 08:00:00,21,3,3,0,0,26395078
0,2,12545,40,858,244,2025-05-10 23:00:00,2025-05-11 07:00:00,109,1,2,0,0,25756214
0,0,187,8,239,244,2025-05-17 09:00:00,2025-05-17 14:00:00,0,3,3,0,0,26251455
2,1,4,53,308,204,2025-05-12 18:00:00,2025-05-12 21:00:00,0,1,2,0,0,25382290
0,3,13142,13,928,227,2025-05-14 22:00:00,2025-05-15 00:00:00,12,3,3,0,0,27126605
0,1,12301,30,785,223,2025-05-15 15:00:00,2025-05-15 17:00:00,12,4,3,0,0,27858288
2,3,13987,38,381,162,2025-05-07 11:00:00,2025-05-07 14:00:00,15,4,2,0,0,26636892
2,0,12545,5,332,197,2025-05-06 16:00:00,2025-05-06 17:00:00,108,3,3,0,0,25772530
2,0,187,39,841,1,2025-05-14 14:00:00,2025-05-14 15:00:00,15,1,3,0,0,27514202
0,3,236,58,904,244,2025-05-14 23:00:00,2025-05-15 06:00:00,21,3,1,0,0,27636012
1,3,12544,36,163,258,2025-05-07 09:00:00,2025-05-07 17:00:00,109,1,2,0,0,25572243
1,3,12580,1,1022,204,2025-05-04 08:00:00,2025-05-04 14:00:00,109,3,2,0,0,26924605
2,1,13933,9,695,117,2025-05-04 14:00:00,2025-05-04 21:00:00,0,4,1,0,0,27553292
1,3,119,13,1040,206,2025-05-11 23:00:00,2025-05-12 00:00:00,63,4,1,0,0,27451743
2,0,13056,23,316,204,2025-05-11 17:00:00,2025-05-11 18:00:00,109,3,2,0,0,27873956
0,0,2,3,791,128,2025-05-08 16:00:00,2025-05-09 01:00:00,63,3,2,0,0,26688239
1,2,12306,29,176,193,2025-05-08 11:00:00,2025-05-08 16:00:00,63,3,2,0,0,27415616
0,3,12307,24,920,106,2025-05-08 17:00:00,2025-05-09 00:00:00,21,4,1,0,0,25668011
1,1,12580,45,949,97,2025-05-06 02:00:00,2025-05-06 08:00:00,108,4,1,0,0,26642105
0,1,13933,49,556,176,2025-05-16 16:00:00,2025-05-16 20:00:00,0,1,3,0,0,26987267
1,1,327,13,333,143,2025-05-04 23:00:00,2025-05-05 00:00:00,109,3,1,0,0,25450066
0,2,327,0,902,230,2025-05-04 20:00:00,2025-05-05 00:00:00,108,3,3,0,0,27848676
0,0,13987,38,929,181,2025-05-01 02:00:00,2025-05-01 10:00:00,12,4,3,0,0,25981710
1,1,1,30,851,62,2025-05-17 07:00:00,2025-05-17 08:00:00,21,3,1,0,0,25450072
0,0,4,37,885,189,2025-05-01 01:00:00,2025-05-01 03:00:00,108,1,1,0,0,26478052
0,2,186,22,125,106,2025-05-16 10:00:00,2025-05-16 18:00:00,21,3,1,0,0,26549193
0,3,1,1,689,238,2025-05-13 16:00:00,2025-05-13 18:00:00,108,4,1,0,0,27276781
1,3,13552,15,894,223,2025-05-15 20:00:00,2025-05-16 05:00:00,63,3,2,0,0,25374095
1,3,2,21,991,192,2025-05-07 03:00:00,2025-05-07 06:00:00,0,4,1,0,0,26515821
0,1,12301,61,1028,203,2025-05-12 20:00:00,2025-05-12 23:00:00,109,1,3,0,0,26529942
0,3,12308,0,861,221,2025-05-07 00:00:00,2025-05-07 06:00:00,13,1,3,0,0,27850113
1,1,1,58,781,183,2025-05-14 17:00:00,2025-05-14 20:00:00,107,3,2,0,0,27746799
1,2,63604,53,923,232,2025-05-16 00:00:00,2025-05-16 09:00:00,0,3,2,0,0,27862074
0,2,235,63,516,203,2025-05-17 21:00:00,2025-05-18 05:00:00,63,4,1,0,0,27707381
0,1,12956,15,940,167,2025-05-11 21:00:00,2025-05-12 01:00:00,63,1,2,0,0,26023975
0,0,12308,39,163,65,2025-05-03 13:00:00,2025-05-03 19:00:00,13,1,1,0,0,27514197
2,3,299,38,340,104,2025-05-10 09:00:00,2025-05-10 17:00:00,63,1,1,0,0,25433513
1,3,12926,17,698,82,2025-05-02 06:00:00,2025-05-02 10:00:00,63,1,2,0,0,27469314
2,3,12587,4,779,65,2025-05-08 21:00:00,2025-05-09 02:00:00,12,3,2,0,0,27514197
1,1,14102,18,256,204,2025-05-16 14:00:00,2025-05-16 21:00:00,109,3,3,0,0,26971718
1,2,13552,64,537,205,2025-05-12 03:00:00,2025-05-12 11:00:00,0,4,2,0,0,26944118
1,3,12301,6,1037,202,2025-05-01 11:00:00,2025-05-01 18:00:00,107,1,2,0,0,26070994
1,2,13933,58,929,207,2025-05-08 22:00:00,2025-05-09 06:00:00,107,3,2,0,0,26677496
1,3,12307,65,893,111,2025-05-17 15:00:00,2025-05-17 19:00:00,63,3,3,0,0,25648816
1,3,32,65,967,244,2025-05-02 00:00:00,2025-05-02 01:00:00,108,1,1,0,0,25426712
1,1,14152,58,837,104,2025-05-17 21:00:00,2025-05-18 03:00:00,0,3,3,0,0,25801149
2,0,13987,15,649,111,2025-05-04 18:00:00,2025-05-04 23:00:00,13,4,2,0,0,27697428
0,1,187,42,323,181,2025-05-04 15:00:00,2025-05-04 19:00:00,12,4,2,0,0,27516856
0,3,12305,2,698,115,2025-05-14 19:00:00,2025-05-14 21:00:00,107,1,2,0,0,25867710
2,3,63604,22,418,181,2025-05-12 09:00:00,2025-05-12 10:00:00,63,4,1,0,0,27230190
2,0,14102,20,89,55,2025-05-13 12:00:00,2025-05-13 21:00:00,21,3,3,0,0,27627181
2,2,13987,7,317,257,2025-05-05 14:00:00,2025-05-05 16:00:00,21,4,3,0,0,25735851
2,2,12306,31,383,111,2025-05-04 07:00:00,2025-05-04 16:00:00,108,3,1,0,0,25876036
1,3,13417,34,673,225,2025-05-14 11:00:00,2025-05-14 17:00:00,13,1,3,0,0,27928204
0,2,32,14,1046,97,2025-05-06 19:00:00,2025-05-07 01:00:00,21,1,1,0,0,26411572
1,3,13056,22,963,145,2025-05-19 00:00:00,2025-05-19 02:00:00,107,3,1,0,0,25771925
0,0,114,64,835,49,2025-05-18 08:00:00,2025-05-18 14:00:00,108,3,3,0,0,27787442
0,0,12307,48,23,167,2025-05-09 21:00:00,2025-05-10 00:00:00,13,4,3,0,0,26541463
2,3,14152,13,517,111,2025-05-01 17:00:00,2025-05-02 00:00:00,12,3,1,0,0,26798305
1,0,236,57,916,60,2025-05-03 05:00:00,2025-05-03 09:00:00,21,1,3,0,0,26704585
2,1,12307,32,622,267,2025-05-16 07:00:00,2025-05-16 16:00:00,15,3,1,0,0,25557678
1,1,13417,6,340,197,2025-05-05 00:00:00,2025-05-05 05:00:00,0,4,3,0,0,26857916
0,0,13142,14,556,205,2025-05-12 18:00:00,2025-05-12 21:00:00,13,4,3,0,0,26291834
2,3,14102,47,69,169,2025-05-10 17:00:00,2025-05-10 18:00:00,13,3,3,0,0,27635467
2,3,1,51,843,183,2025-05-10 23:00:00,2025-05-11 00:00:00,21,4,3,0,0,25924283
0,0,12545,8,384,183,2025-05-14 21:00:00,2025-05-15 01:00:00,108,4,3,0,0,27841327
0,2,12580,46,658,199,2025-05-18 00:00:00,2025-05-18 04:00:00,0,1,2,0,0,25528628
0,1,299,56,781,162,2025-05-18 09:00:00,2025-05-18 18:00:00,107,3,2,0,0,27748060
2,2,1,17,674,186,2025-05-15 07:00:00,2025-05-15 15:00:00,107,1,3,0,0,27264158
1,3,13142,12,922,267,2025-05-03 05:00:00,2025-05-03 09:00:00,15,1,3,0,0,26506589
2,3,13552,18,34,232,2025-05-04 14:00:00,2025-05-04 20:00:00,109,4,3,0,0,26774397
1,2,2,16,580,188,2025-05-11 20:00:00,2025-05-12 03:00:00,21,1,1,0,0,25758493
2,0,236,21,986,215,2025-05-10 19:00:00,2025-05-11 03:00:00,108,3,2,0,0,26746011
2,2,119,51,821,60,2025-05-06 02:00:00,2025-05-06 06:00:00,0,3,1,0,0,26053544
0,2,299,38,1048,258,2025-05-18 11:00:00,2025-05-18 12:00:00,108,3,2,0,0,25442158
1,1,119,3,368,104,2025-05-03 05:00:00,2025-05-03 10:00:00,109,1,2,0,0,26786626
2,1,12926,19,803,204,2025-05-09 23:00:00,2025-05-10 00:00:00,107,3,3,0,0,27814135
2,2,4,51,941,162,2025-05-18 11:00:00,2025-05-18 15:00:00,108,3,3,0,0,25510305
0,2,12305,22,25,229,2025-05-09 04:00:00,2025-05-09 11:00:00,107,1,1,0,0,26327677
0,3,12587,28,383,229,2025-05-02 14:00:00,2025-05-02 21:00:00,107,1,1,0,0,25942879
1,1,12350,54,162,66,2025-05-16 04:00:00,2025-05-16 05:00:00,15,1,3,0,0,27655644
2,1,1,41,364,129,2025-05-10 11:00:00,2025-05-10 20:00:00,107,1,3,0,0,25766489
1,3,12301,56,580,192,2025-05-10 20:00:00,2025-05-10 22:00:00,63,4,2,0,0,26328801
2,0,12301,12,842,161,2025-05-06 11:00:00,2025-05-06 16:00:00,107,1,2,0,0,27813751
1,1,12307,50,949,244,2025-05-14 17:00:00,2025-05-14 23:00:00,0,1,3,0,0,26621502
0,1,187,37,1052,230,2025-05-14 08:00:00,2025-05-14 09:00:00,0,3,2,0,0,27804237
2,0,236,10,479,205,2025-05-07 23:00:00,2025-05-08 01:00:00,0,3,1,0,0,27762534
1,1,235,58,578,197,2025-05-02 12:00:00,2025-05-02 19:00:00,13,1,2,0,0,26877870
0,1,12308,5,1056,233,2025-05-03 18:00:00,2025-05-04 00:00:00,21,1,3,0,0,26274730
0,0,2,24,1034,189,2025-05-05 14:00:00,2025-05-05 20:00:00,21,1,2,0,0,27776414
1,0,119,41,80,267,2025-05-18 06:00:00,2025-05-18 12:00:00,21,3,3,0,0,27656301
2,2,63604,3,510,209,2025-05-10 02:00:00,2025-05-10 09:00:00,63,3,2,0,0,27701961
2,3,12308,36,250,1,2025-05-09 16:00:00,2025-05-10 01:00:00,0,1,1,0,0,25368555
0,3,13987,5,587,129,2025-05-16 20:00:00,2025-05-17 05:00:00,21,3,1,0,0,25979616
2,0,12926,9,1010,49,2025-05-04 14:00:00,2025-05-04 16:00:00,109,3,3,0,0,25382290
2,0,12307,5,578,189,2025-05-13 14:00:00,2025-05-13 16:00:00,109,1,3,0,0,27003453
2,1,14152,5,803,238,2025-05-18 02:00:00,2025-05-18 07:00:00,108,3,3,0,0,26811203
0,2,13417,39,162,233,2025-05-08 10:00:00,2025-05-08 17:00:00,13,1,2,0,0,26046068
1,2,13203,36,159,82,2025-05-17 19:00:00,2025-05-17 22:00:00,107,4,2,0,0,27333317
2,0,235,26,577,257,2025-05-01 12:00:00,2025-05-01 15:00:00,0,4,2,0,0,26204157
0,1,12587,62,481,62,2025-05-13 11:00:00,2025-05-13 15:00:00,63,4,1,0,0,25914419
0,1,13417,23,316,232,2025-05-17 23:00:00,2025-05-18 02:00:00,13,3,3,0,0,25366500
1,3,63604,51,1031,198,2025-05-06 04:00:00,2025-05-06 07:00:00,15,4,2,0,0,25557678
2,3,236,49,251,192,2025-05-16 14:00:00,2025-05-16 22:00:00,15,3,1,0,0,27787148
2,1,12307,29,698,230,2025-05-10 16:00:00,2025-05-10 23:00:00,12,1,3,0,0,27939304
1,3,12926,38,632,181,2025-05-11 10:00:00,2025-05-11 17:00:00,107,4,1,0,0,26580880
1,0,13987,27,0,55,2025-05-17 02:00:00,2025-05-17 04:00:00,0,3,3,0,0,25432440
0,1,12307,27,1032,165,2025-05-06 05:00:00,2025-05-06 14:00:00,13,4,2,0,0,27939783
0,3,119,29,889,257,2025-05-10 18:00:00,2025-05-11 00:00:00,15,3,1,0,0,26857916
1,2,12308,12,780,223,2025-05-06 17:00:00,2025-05-06 20:00:00,12,3,1,0,0,27347487
2,1,119,65,791,65,2025-05-03 00:00:00,2025-05-03 09:00:00,63,1,1,0,0,26269881
0,1,14102,47,991,204,2025-05-16 19:00:00,2025-05-17 04:00:00,0,3,3,0,0,27741385
0,2,199,30,62,188,2025-05-08 17:00:00,2025-05-08 23:00:00,15,3,3,0,0,27379834
2,0,199,58,366,221,2025-05-09 12:00:00,2025-05-09 18:00:00,21,4,1,0,0,25570584
0,2,12580,0,941,162,2025-05-04 05:00:00,2025-05-04 13:00:00,109,1,3,0,0,27926861
2,1,12307,53,931,61,2025-05-17 01:00:00,2025-05-17 09:00:00,12,3,1,0,0,26114607
2,0,114,60,577,183,2025-05-09 01:00:00,2025-05-09 07:00:00,63,4,2,0,0,27721648
2,3,13142,52,171,209,2025-05-05 06:00:00,2025-05-05 13:00:00,15,1,1,0,0,27965612
1,3,4,32,900,215,2025-05-05 08:00:00,2025-05-05 12:00:00,63,3,1,0,0,25578368
1,3,1,8,939,230,2025-05-16 15:00:00,2025-05-16 16:00:00,107,4,3,0,0,27044310
1,1,13203,18,685,206,2025-05-12 22:00:00,2025-05-13 02:00:00,108,1,3,0,0,27847843
2,2,299,32,780,188,2025-05-14 11:00:00,2025-05-14 19:00:00,12,1,3,0,0,26857916
2,0,12308,22,921,215,2025-05-09 18:00:00,2025-05-10 02:00:00,13,1,2,0,0,27835253
1,3,13933,10,644,257,2025-05-11 09:00:00,2025-05-11 11:00:00,13,1,2,0,0,26818907
0,0,186,36,251,61,2025-05-13 04:00:00,2025-05-13 11:00:00,15,3,2,0,0,27266430
2,1,12301,65,361,221,2025-05-09 08:00:00,2025-05-09 09:00:00,21,3,3,0,0,27658485
0,3,12580,28,965,233,2025-05-01 23:00:00,2025-05-02 01:00:00,21,1,1,0,0,25403872
0,1,13987,50,80,111,2025-05-13 11:00:00,2025-05-13 19:00:00,107,1,1,0,0,26924605
2,2,12301,66,977,161,2025-05-04 10:00:00,2025-05-04 14:00:00,13,3,1,0,0,26334896
2,1,235,25,767,183,2025-05-13 08:00:00,2025-05-13 11:00:00,12,4,3,0,0,26832300
0,1,12308,12,383,55,2025-05-08 10:00:00,2025-05-08 12:00:00,109,1,3,0,0,27860854
0,2,327,52,911,265,2025-05-13 09:00:00,2025-05-13 15:00:00,21,3,2,0,0,27790664
1,0,187,63,511,208,2025-05-16 03:00:00,2025-05-16 07:00:00,13,3,3,0,0,26584136
1,2,13933,55,663,196,2025-05-09 13:00:00,2025-05-09 16:00:00,108,4,1,0,0,25422560
2,2,1,46,160,192,2025-05-02 15:00:00,2025-05-02 18:00:00,12,3,2,0,0,27191634
1,1,199,23,975,194,2025-05-13 15:00:00,2025-05-13 18:00:00,109,1,2,0,0,27907068
1,0,13417,24,690,207,2025-05-05 16:00:00,2025-05-06 00:00:00,108,3,3,0,0,26656130
1,3,12308,40,995,183,2025-05-15 03:00:00,2025-05-15 12:00:00,13,1,2,0,0,26981929
1,2,14152,17,378,238,2025-05-01 03:00:00,2025-05-01 12:00:00,15,3,2,0,0,25880857
0,0,13203,9,467,61,2025-05-05 11:00:00,2025-05-05 16:00:00,107,1,3,0,0,27855914
2,2,25,63,773,162,2025-05-14 03:00:00,2025-05-14 04:00:00,107,1,2,0,0,27333317
1,2,14152,25,872,97,2025-05-05 17:00:00,2025-05-05 22:00:00,109,3,1,0,0,25387834
0,2,199,50,537,55,2025-05-07 22:00:00,2025-05-07 23:00:00,108,1,3,0,0,26907466
0,2,32,32,308,54,2025-05-11 20:00:00,2025-05-12 05:00:00,13,3,1,0,0,27530318
0,1,12301,39,975,97,2025-05-05 09:00:00,2025-05-05 17:00:00,13,3,1,0,0,27426952
1,0,13933,53,861,110,2025-05-10 07:00:00,2025-05-10 14:00:00,15,3,1,0,0,26029470
1,0,12580,48,571,194,2025-05-11 21:00:00,2025-05-11 23:00:00,63,1,1,0,0,25766516
2,0,114,40,831,233,2025-05-11 10:00:00,2025-05-11 12:00:00,107,3,2,0,0,27443134
1,2,14152,12,162,197,2025-05-01 13:00:00,2025-05-01 17:00:00,63,4,2,0,0,27361812
1,1,2,3,923,166,2025-05-09 05:00:00,2025-05-09 14:00:00,63,1,3,0,0,27145579
0,2,236,58,161,230,2025-05-06 05:00:00,2025-05-06 14:00:00,15,4,3,0,0,25928752
2,2,13933,27,903,225,2025-05-09 13:00:00,2025-05-09 21:00:00,63,4,1,0,0,27788578
1,0,114,41,872,257,2025-05-06 19:00:00,2025-05-07 00:00:00,63,4,1,0,0,25532372
1,2,12306,16,481,117,2025-05-03 13:00:00,2025-05-03 20:00:00,15,4,3,0,0,27553799
0,3,12305,30,835,265,2025-05-12 18:00:00,2025-05-13 03:00:00,21,3,3,0,0,26515428
0,2,12308,14,702,129,2025-05-03 05:00:00,2025-05-03 08:00:00,63,4,3,0,0,27664169
1,3,187,33,995,117,2025-05-15 09:00:00,2025-05-15 13:00:00,107,1,3,0,0,27776414
2,2,32,39,799,216,2025-05-01 11:00:00,2025-05-01 13:00:00,15,4,1,0,0,27885753
2,1,13056,53,792,111,2025-05-06 15:00:00,2025-05-07 00:00:00,12,4,3,0,0,25683821
0,1,14152,45,631,229,2025-05-14 17:00:00,2025-05-15 00:00:00,63,4,2,0,0,27811643
0,0,13552,35,865,227,2025-05-06 23:00:00,2025-05-07 05:00:00,21,3,1,0,0,26943375
1,2,13552,40,937,209,2025-05-12 17:00:00,2025-05-12 22:00:00,107,4,2,0,0,27712929
0,3,12544,12,949,197,2025-05-06 15:00:00,2025-05-06 22:00:00,0,4,3,0,0,26937221
1,3,12956,53,268,198,2025-05-13 12:00:00,2025-05-13 15:00:00,107,4,2,0,0,25508823
2,2,13142,36,931,125,2025-05-10 04:00:00,2025-05-10 09:00:00,108,1,3,0,0,27097234
2,3,12308,14,81,103,2025-05-15 03:00:00,2025-05-15 05:00:00,12,3,2,0,0,27949870
1,1,32,63,383,82,2025-05-09 16:00:00,2025-05-09 21:00:00,13,3,1,0,0,27044310
0,3,13987,1,843,229,2025-05-17 18:00:00,2025-05-18 01:00:00,108,3,2,0,0,27676142
2,0,13142,4,904,82,2025-05-17 16:00:00,2025-05-17 23:00:00,15,1,1,0,0,26031386
0,1,13552,24,471,207,2025-05-15 22:00:00,2025-05-16 07:00:00,15,4,2,0,0,26466735
2,1,14102,48,1060,229,2025-05-16 19:00:00,2025-05-16 22:00:00,13,1,2,0,0,27702529
1,1,236,24,398,62,2025-05-06 02:00:00,2025-05-06 10:00:00,109,3,1,0,0,25969696
1,2,12545,18,1037,216,2025-05-05 19:00:00,2025-05-06 00:00:00,109,3,1,0,0,25658513
1,2,12306,35,563,238,2025-05-07 12:00:00,2025-05-07 19:00:00,13,3,3,0,0,27426952
2,1,13203,66,1052,142,2025-05-12 05:00:00,2025-05-12 06:00:00,15,1,1,0,0,25648675
0,2,12580,5,478,189,2025-05-01 16:00:00,2025-05-01 17:00:00,107,3,1,0,0,26793095
0,3,119,43,921,134,2025-05-12 04:00:00,2025-05-12 08:00:00,12,4,3,0,0,26031386
0,2,12350,4,821,110,2025-05-15 12:00:00,2025-05-15 17:00:00,21,1,1,0,0,26023975
2,2,236,64,970,62,2025-05-10 02:00:00,2025-05-10 05:00:00,12,4,1,0,0,26686783
2,1,12350,50,408,244,2025-05-14 06:00:00,2025-05-14 12:00:00,13,3,2,0,0,26966941
2,0,12545,57,419,123,2025-05-10 21:00:00,2025-05-11 00:00:00,15,3,3,0,0,27719323
2,0,14102,38,935,186,2025-05-02 08:00:00,2025-05-02 13:00:00,109,1,3,0,0,27623866
2,0,199,12,762,101,2025-05-12 20:00:00,2025-05-12 21:00:00,15,4,2,0,0,27778306
0,3,235,62,34,198,2025-05-02 12:00:00,2025-05-02 15:00:00,109,1,3,0,0,26972243
2,2,186,47,265,82,2025-05-05 06:00:00,2025-05-05 13:00:00,12,4,2,0,0,26497171
2,0,13933,31,363,145,2025-05-09 18:00:00,2025-05-09 21:00:00,108,3,1,0,0,27827788
0,1,13552,2,658,165,2025-05-18 21:00:00,2025-05-19 02:00:00,107,1,3,0,0,25382257
2,0,236,14,618,225,2025-05-12 15:00:00,2025-05-12 22:00:00,12,1,1,0,0,27923098
0,0,13203,41,614,232,2025-05-06 21:00:00,2025-05-06 23:00:00,107,4,3,0,0,25476411
0,2,13552,19,27,221,2025-05-10 22:00:00,2025-05-11 01:00:00,63,3,1,0,0,25668011
1,2,2,38,256,134,2025-05-10 12:00:00,2025-05-10 16:00:00,12,3,3,0,0,27634057
1,2,13203,8,841,185,2025-05-06 12:00:00,2025-05-06 17:00:00,0,4,3,0,0,25508823
1,3,114,63,541,66,2025-05-06 04:00:00,2025-05-06 13:00:00,0,4,1,0,0,26329571
1,3,12350,60,327,123,2025-05-03 04:00:00,2025-05-03 13:00:00,107,4,2,0,0,27955423
2,0,186,13,505,54,2025-05-04 15:00:00,2025-05-04 19:00:00,63,4,3,0,0,25532372
1,2,12926,16,685,267,2025-05-05 01:00:00,2025-05-05 10:00:00,107,4,2,0,0,26076602
0,0,4,10,923,125,2025-05-16 09:00:00,2025-05-16 13:00:00,13,3,2,0,0,27636908
2,1,13987,14,283,209,2025-05-04 22:00:00,2025-05-05 00:00:00,0,3,2,0,0,27634056
1,1,327,43,896,82,2025-05-18 05:00:00,2025-05-18 06:00:00,15,1,2,0,0,27061128
0,2,199,56,1007,62,2025-05-08 19:00:00,2025-05-09 02:00:00,107,3,2,0,0,27922601
2,2,12580,60,301,61,2025-05-16 15:00:00,2025-05-16 19:00:00,107,4,2,0,0,27291824
2,1,12956,59,666,205,2025-05-11 15:00:00,2025-05-11 23:00:00,21,3,3,0,0,27720800
1,2,13056,34,317,223,2025-05-04 00:00:00,2025-05-04 08:00:00,21,3,2,0,0,26966370
2,3,13056,46,462,49,2025-05-18 03:00:00,2025-05-18 11:00:00,109,3,3,0,0,26003290
0,3,14152,15,446,203,2025-05-16 01:00:00,2025-05-16 07:00:00,63,1,3,0,0,27720125
2,2,119,65,689,189,2025-05-12 17:00:00,2025-05-13 02:00:00,0,1,3,0,0,25433513
0,1,63604,2,799,129,2025-05-01 17:00:00,2025-05-01 21:00:00,0,4,1,0,0,26841974
2,0,12926,24,561,134,2025-05-07 19:00:00,2025-05-08 00:00:00,21,4,2,0,0,26030116
1,2,32,62,898,165,2025-05-17 07:00:00,2025-05-17 11:00:00,107,1,1,0,0,26411586
0,2,13142,64,949,101,2025-05-07 01:00:00,2025-05-07 06:00:00,107,3,2,0,0,25751942
2,0,235,11,1034,203,2025-05-14 01:00:00,2025-05-14 03:00:00,0,3,1,0,0,26779442
2,2,32,44,690,101,2025-05-11 12:00:00,2025-05-11 17:00:00,63,1,3,0,0,27486151
2,0,12544,40,541,267,2025-05-07 15:00:00,2025-05-07 23:00:00,108,4,1,0,0,26274831
0,1,32,57,921,258,2025-05-15 12:00:00,2025-05-15 21:00:00,13,3,3,0,0,26475696
0,3,13987,58,781,60,2025-05-03 00:00:00,2025-05-03 07:00:00,0,4,1,0,0,25799090
0,1,32,63,160,161,2025-05-08 07:00:00,2025-05-08 14:00:00,109,3,2,0,0,27473326
1,3,12301,37,657,267,2025-05-14 14:00:00,2025-05-14 20:00:00,108,4,2,0,0,25532372
1,0,13987,49,251,169,2025-05-03 16:00:00,2025-05-03 18:00:00,0,3,1,0,0,26987350
0,3,119,61,576,209,2025-05-13 00:00:00,2025-05-13 09:00:00,21,4,1,0,0,26541463
2,1,12305,23,968,161,2025-05-03 01:00:00,2025-05-03 06:00:00,0,4,2,0,0,27889389
1,3,12350,57,136,1,2025-05-01 03:00:00,2025-05-01 09:00:00,108,4,1,0,0,25741466
0,0,114,8,663,201,2025-05-05 22:00:00,2025-05-05 23:00:00,13,1,1,0,0,27868895
2,3,4,52,553,115,2025-05-15 03:00:00,2025-05-15 08:00:00,107,4,2,0,0,25513556
1,2,14152,62,49,193,2025-05-16 12:00:00,2025-05-16 18:00:00,12,1,3,0,0,25516299
2,1,12926,30,845,198,2025-05-07 19:00:00,2025-05-07 21:00:00,21,1,2,0,0,26832300
2,2,199,36,242,201,2025-05-10 06:00:00,2025-05-10 13:00:00,108,4,2,0,0,25635168
2,0,12580,13,618,206,2025-05-15 21:00:00,2025-05-16 01:00:00,109,1,1,0,0,27833420
2,3,12307,37,302,198,2025-05-07 11:00:00,2025-05-07 16:00:00,109,1,2,0,0,27826704
1,2,2,4,600,163,2025-05-17 02:00:00,2025-05-17 05:00:00,15,1,2,0,0,25554901
1,2,12587,12,649,185,2025-05-11 21:00:00,2025-05-12 02:00:00,12,3,1,0,0,26580920
1,3,1,1,939,110,2025-05-08 04:00:00,2025-05-08 08:00:00,0,4,1,0,0,27914163
0,3,199,0,1044,230,2025-05-01 22:00:00,2025-05-02 04:00:00,15,1,3,0,0,25833567
1,1,4,41,323,125,2025-05-17 06:00:00,2025-05-17 08:00:00,109,4,2,0,0,26840479
2,2,13203,48,161,227,2025-05-16 15:00:00,2025-05-16 18:00:00,0,1,3,0,0,26053544
1,2,299,18,785,216,2025-05-03 12:00:00,2025-05-03 13:00:00,15,4,3,0,0,25904259
2,0,4,37,368,60,2025-05-15 19:00:00,2025-05-16 02:00:00,0,1,3,0,0,26565836
0,1,327,15,821,215,2025-05-14 08:00:00,2025-05-14 17:00:00,13,3,3,0,0,27513274
2,0,12306,27,941,223,2025-05-06 13:00:00,2025-05-06 15:00:00,12,3,2,0,0,25608357
2,2,13142,65,856,215,2025-05-01 23:00:00,2025-05-02 06:00:00,21,3,2,0,0,27698968
2,0,12545,37,580,230,2025-05-13 04:00:00,2025-05-13 07:00:00,21,1,2,0,0,25516299
0,2,12544,66,74,143,2025-05-02 20:00:00,2025-05-03 01:00:00,21,4,3,0,0,27720800
1,2,13417,61,333,111,2025-05-08 10:00:00,2025-05-08 16:00:00,109,1,1,0,0,25351406
1,0,14152,12,170,201,2025-05-15 19:00:00,2025-05-16 03:00:00,13,3,2,0,0,25412278
0,0,13417,6,481,204,2025-05-15 21:00:00,2025-05-16 01:00:00,12,1,3,0,0,26468536
2,3,14102,27,686,199,2025-05-18 20:00:00,2025-05-18 22:00:00,108,4,3,0,0,26952360
1,3,114,53,840,117,2025-05-03 14:00:00,2025-05-03 17:00:00,63,3,3,0,0,26395082
0,3,12350,45,577,66,2025-05-02 04:00:00,2025-05-02 12:00:00,108,1,3,0,0,27361275
1,2,12545,54,773,257,2025-05-15 20:00:00,2025-05-16 03:00:00,21,4,3,0,0,25673329
0,0,12305,57,261,163,2025-05-16 04:00:00,2025-05-16 10:00:00,108,3,3,0,0,26580920
2,1,14152,3,587,62,2025-05-04 23:00:00,2025-05-05 04:00:00,0,4,2,0,0,27838541
1,2,12926,57,665,197,2025-05-18 00:00:00,2025-05-18 05:00:00,0,4,1,0,0,26464901
0,1,12580,19,662,117,2025-05-12 01:00:00,2025-05-12 02:00:00,108,3,2,0,0,26721470
1,0,114,66,27,166,2025-05-13 02:00:00,2025-05-13 08:00:00,107,1,2,0,0,25646197
1,2,13552,14,686,227,2025-05-03 06:00:00,2025-05-03 15:00:00,15,1,3,0,0,25555825
1,1,13552,47,850,227,2025-05-07 08:00:00,2025-05-07 16:00:00,63,1,2,0,0,27879196
1,1,13142,2,1013,125,2025-05-10 02:00:00,2025-05-10 03:00:00,109,1,1,0,0,27966235
0,3,2,63,685,104,2025-05-08 04:00:00,2025-05-08 10:00:00,108,4,1,0,0,25758493
2,3,13987,1,549,230,2025-05-04 23:00:00,2025-05-05 02:00:00,12,1,3,0,0,26767616
0,3,25,9,1048,185,2025-05-06 02:00:00,2025-05-06 08:00:00,107,1,1,0,0,26030116
0,2,199,9,911,169,2025-05-01 11:00:00,2025-05-01 20:00:00,13,4,3,0,0,25440279
0,0,187,3,176,267,2025-05-01 03:00:00,2025-05-01 09:00:00,107,4,1,0,0,27932017
2,0,186,10,939,169,2025-05-16 01:00:00,2025-05-16 09:00:00,63,3,1,0,0,27193826
1,3,235,48,665,188,2025-05-15 09:00:00,2025-05-15 15:00:00,12,4,2,0,0,27750070
1,3,12587,15,889,181,2025-05-03 18:00:00,2025-05-04 00:00:00,107,3,1,0,0,25741466
1,3,13987,63,578,230,2025-05-07 00:00:00,2025-05-07 07:00:00,109,3,3,0,0,26840122
2,1,63604,43,21,201,2025-05-03 16:00:00,2025-05-03 20:00:00,15,1,1,0,0,26465214
1,3,13417,12,947,244,2025-05-04 09:00:00,2025-05-04 17:00:00,12,1,1,0,0,27627616
2,1,12305,40,366,197,2025-05-05 08:00:00,2025-05-05 12:00:00,0,1,2,0,0,27779708
1,0,235,54,925,103,2025-05-08 12:00:00,2025-05-08 19:00:00,109,4,3,0,0,27868108
1,2,236,59,773,103,2025-05-15 03:00:00,2025-05-15 04:00:00,21,4,3,0,0,25914419
0,2,186,46,861,204,2025-05-05 08:00:00,2025-05-05 17:00:00,13,1,3,0,0,27769045
2,2,12301,24,799,196,2025-05-10 09:00:00,2025-05-10 18:00:00,63,1,2,0,0,25514719
0,2,12306,28,471,205,2025-05-16 10:00:00,2025-05-16 17:00:00,63,4,1,0,0,27486151
0,1,13417,43,968,185,2025-05-02 03:00:00,2025-05-02 11:00:00,108,3,3,0,0,25422560
0,1,12306,51,284,208,2025-05-01 15:00:00,2025-05-01 17:00:00,63,3,1,0,0,27655646
2,3,14102,21,917,194,2025-05-12 12:00:00,2025-05-12 19:00:00,63,1,1,0,0,26541463
2,1,13142,55,398,166,2025-05-14 20:00:00,2025-05-14 21:00:00,15,1,1,0,0,27685598
1,3,12307,58,1035,1,2025-05-13 09:00:00,2025-05-13 12:00:00,13,1,2,0,0,25336932
0,3,199,10,47,186,2025-05-03 05:00:00,2025-05-03 11:00:00,15,3,1,0,0,27193826
1,2,12306,20,887,194,2025-05-12 23:00:00,2025-05-13 04:00:00,0,1,2,0,0,26704585
0,1,12956,34,373,197,2025-05-05 17:00:00,2025-05-05 22:00:00,12,3,2,0,0,26524119
2,1,187,9,266,186,2025-05-02 13:00:00,2025-05-02 22:00:00,107,4,2,0,0,27636908
2,3,236,9,1014,115,2025-05-16 09:00:00,2025-05-16 15:00:00,13,4,3,0,0,27929512
2,3,13142,18,103,186,2025-05-10 13:00:00,2025-05-10 16:00:00,107,4,2,0,0,27717114
0,0,63604,24,695,103,2025-05-07 21:00:00,2025-05-07 23:00:00,21,1,3,0,0,27741385
2,0,12587,54,649,198,2025-05-08 13:00:00,2025-05-08 22:00:00,15,4,2,0,0,27861967
0,3,12307,55,853,162,2025-05-09 12:00:00,2025-05-09 16:00:00,109,3,2,0,0,25424728
1,0,25,50,136,125,2025-05-16 05:00:00,2025-05-16 10:00:00,107,3,2,0,0,27609178
0,0,14102,34,517,232,2025-05-11 04:00:00,2025-05-11 13:00:00,109,3,2,0,0,25516299
1,3,63604,4,384,143,2025-05-15 22:00:00,2025-05-16 03:00:00,108,1,1,0,0,26997627
0,3,13552,60,103,205,2025-05-14 20:00:00,2025-05-15 03:00:00,13,1,1,0,0,26126518
1,1,12545,51,841,134,2025-05-18 22:00:00,2025-05-19 00:00:00,108,3,2,0,0,26162458
2,3,13056,45,988,201,2025-05-17 11:00:00,2025-05-17 13:00:00,12,3,1,0,0,27958869
1,3,13987,47,364,196,2025-05-13 20:00:00,2025-05-14 00:00:00,108,3,3,0,0,27943629
2,2,2,5,851,1,2025-05-18 08:00:00,2025-05-18 16:00:00,109,3,1,0,0,27513323
2,1,13987,7,872,117,2025-05-18 03:00:00,2025-05-18 05:00:00,63,4,1,0,0,26150425
1,1,63604,60,727,258,2025-05-06 00:00:00,2025-05-06 07:00:00,15,3,1,0,0,27722100
0,1,12301,13,415,183,2025-05-11 18:00:00,2025-05-11 19:00:00,108,1,2,0,0,27421594
0,2,1,8,1048,103,2025-05-09 17:00:00,2025-05-10 02:00:00,12,1,3,0,0,25980946
0,3,12545,36,316,163,2025-05-18 01:00:00,2025-05-18 07:00:00,13,1,2,0,0,27680989
0,1,12587,30,1050,204,2025-05-13 21:00:00,2025-05-13 22:00:00,12,1,3,0,0,25366500
0,1,63604,21,378,142,2025-05-13 07:00:00,2025-05-13 13:00:00,15,1,2,0,0,25404205
2,0,12580,12,672,230,2025-05-09 01:00:00,2025-05-09 06:00:00,107,3,1,0,0,27359296
0,1,119,29,81,194,2025-05-03 19:00:00,2025-05-04 00:00:00,0,3,3,0,0,25341435
2,3,13056,10,471,197,2025-05-05 17:00:00,2025-05-05 22:00:00,13,4,1,0,0,26197523
2,3,12306,36,894,106,2025-05-10 03:00:00,2025-05-10 07:00:00,109,4,3,0,0,25404180
2,0,186,18,699,244,2025-05-10 03:00:00,2025-05-10 10:00:00,0,4,3,0,0,27407499
1,1,187,23,937,103,2025-05-10 01:00:00,2025-05-10 10:00:00,12,3,2,0,0,27854685
1,1,119,41,941,229,2025-05-10 20:00:00,2025-05-11 00:00:00,12,4,2,0,0,26029470
2,1,114,33,1028,196,2025-05-18 22:00:00,2025-05-19 00:00:00,12,3,1,0,0,27914163
1,2,236,8,332,142,2025-05-17 01:00:00,2025-05-17 03:00:00,0,1,1,0,0,27806748
0,1,13933,31,517,145,2025-05-13 09:00:00,2025-05-13 11:00:00,108,3,3,0,0,25351406
0,3,12308,18,1041,166,2025-05-18 09:00:00,2025-05-18 16:00:00,15,3,3,0,0,25421275
2,3,12956,55,898,201,2025-05-04 21:00:00,2025-05-05 01:00:00,13,1,2,0,0,27664169
0,2,12587,40,162,62,2025-05-11 12:00:00,2025-05-11 16:00:00,15,1,2,0,0,27486151
2,2,12545,45,988,221,2025-05-17 20:00:00,2025-05-17 21:00:00,13,1,2,0,0,25557678
2,1,25,12,789,1,2025-05-15 20:00:00,2025-05-16 00:00:00,13,4,2,0,0,26498407
0,0,2,64,478,229,2025-05-18 19:00:00,2025-05-19 01:00:00,107,4,2,0,0,27931311
1,2,13987,59,727,163,2025-05-09 22:00:00,2025-05-10 00:00:00,12,4,3,0,0,27638177
0,2,119,29,915,199,2025-05-16 19:00:00,2025-05-16 23:00:00,21,1,3,0,0,27292602
0,1,13552,0,644,176,2025-05-11 17:00:00,2025-05-12 00:00:00,15,4,1,0,0,25669371
2,1,13203,38,841,163,2025-05-15 10:00:00,2025-05-15 19:00:00,107,1,3,0,0,27623866
2,2,25,38,164,225,2025-05-10 23:00:00,2025-05-11 01:00:00,12,1,2,0,0,26966370
